source_date,target_date,machine,status,source_n_observations,source_n_fft,source_regime,source_period_stability_score,source_dominant_rank_signature,source_component_reorder,target_n_observations,target_n_fft,n_fft_changed,target_regime,target_bullish,target_next_day_bullish,long_source_k,long_source_frequency,long_source_period,long_source_rank,long_predicted_phase,long_predicted_wave_value,long_predicted_amplitude,long_predicted_radius,long_predicted_x,long_predicted_y,long_predicted_top_side,long_actual_k,long_actual_frequency,long_actual_period,long_actual_rank,long_component_same_k,long_actual_phase,long_actual_wave_value,long_actual_amplitude,long_actual_x,long_actual_y,long_angular_error_deg,long_xy_error,long_top_side_match,mid_source_k,mid_source_frequency,mid_source_period,mid_source_rank,mid_predicted_phase,mid_predicted_wave_value,mid_predicted_amplitude,mid_predicted_radius,mid_predicted_x,mid_predicted_y,mid_predicted_top_side,mid_actual_k,mid_actual_frequency,mid_actual_period,mid_actual_rank,mid_component_same_k,mid_actual_phase,mid_actual_wave_value,mid_actual_amplitude,mid_actual_x,mid_actual_y,mid_angular_error_deg,mid_xy_error,mid_top_side_match,short_source_k,short_source_frequency,short_source_period,short_source_rank,short_predicted_phase,short_predicted_wave_value,short_predicted_amplitude,short_predicted_radius,short_predicted_x,short_predicted_y,short_predicted_top_side,short_actual_k,short_actual_frequency,short_actual_period,short_actual_rank,short_component_same_k,short_actual_phase,short_actual_wave_value,short_actual_amplitude,short_actual_x,short_actual_y,short_angular_error_deg,short_xy_error,short_top_side_match,predicted_centroid_x,predicted_centroid_y,predicted_centroid_y_offset,predicted_centroid_region,predicted_top_wave_count,predicted_top_wave_pattern,actual_centroid_x,actual_centroid_y,actual_centroid_y_offset,actual_centroid_region,actual_top_wave_count,actual_top_wave_pattern,centroid_distance_error,centroid_region_match,top_wave_count_error,top_wave_count_exact,top_wave_pattern_match
2026-06-27,2026-06-28,075,INSUFFICIENT_HISTORY,1,,INSUFFICIENT_HISTORY,,,False,2,,False,INSUFFICIENT_HISTORY,True,False,,,,,,,,,,,,,,,,,,,,,,,,,,,,,,,,,,,,,,,,,,,,,,,,,,,,,,,,,,,,,,,,,,,,,,,,,,,,,,,,,,,,,,,,,
2026-06-28,2026-06-29,075,INSUFFICIENT_HISTORY,2,,INSUFFICIENT_HISTORY,,,False,3,,False,INSUFFICIENT_HISTORY,False,True,,,,,,,,,,,,,,,,,,,,,,,,,,,,,,,,,,,,,,,,,,,,,,,,,,,,,,,,,,,,,,,,,,,,,,,,,,,,,,,,,,,,,,,,,
2026-06-29,2026-06-30,075,INSUFFICIENT_HISTORY,3,,INSUFFICIENT_HISTORY,,,False,4,,False,INSUFFICIENT_HISTORY,True,True,,,,,,,,,,,,,,,,,,,,,,,,,,,,,,,,,,,,,,,,,,,,,,,,,,,,,,,,,,,,,,,,,,,,,,,,,,,,,,,,,,,,,,,,,
2026-06-30,2026-07-01,075,INSUFFICIENT_HISTORY,4,,INSUFFICIENT_HISTORY,,,False,5,,False,INSUFFICIENT_HISTORY,True,False,,,,,,,,,,,,,,,,,,,,,,,,,,,,,,,,,,,,,,,,,,,,,,,,,,,,,,,,,,,,,,,,,,,,,,,,,,,,,,,,,,,,,,,,,
2026-07-01,2026-07-02,075,INSUFFICIENT_HISTORY,5,,INSUFFICIENT_HISTORY,,,False,6,,False,INSUFFICIENT_HISTORY,False,True,,,,,,,,,,,,,,,,,,,,,,,,,,,,,,,,,,,,,,,,,,,,,,,,,,,,,,,,,,,,,,,,,,,,,,,,,,,,,,,,,,,,,,,,,
2026-07-02,2026-07-03,075,INSUFFICIENT_HISTORY,6,,INSUFFICIENT_HISTORY,,,False,7,,False,INSUFFICIENT_HISTORY,True,False,,,,,,,,,,,,,,,,,,,,,,,,,,,,,,,,,,,,,,,,,,,,,,,,,,,,,,,,,,,,,,,,,,,,,,,,,,,,,,,,,,,,,,,,,
2026-07-03,2026-07-04,075,INSUFFICIENT_HISTORY,7,,INSUFFICIENT_HISTORY,,,False,8,,False,INSUFFICIENT_HISTORY,False,False,,,,,,,,,,,,,,,,,,,,,,,,,,,,,,,,,,,,,,,,,,,,,,,,,,,,,,,,,,,,,,,,,,,,,,,,,,,,,,,,,,,,,,,,,
2026-07-04,2026-07-05,075,INSUFFICIENT_HISTORY,8,,INSUFFICIENT_HISTORY,,,False,9,,False,INSUFFICIENT_HISTORY,False,False,,,,,,,,,,,,,,,,,,,,,,,,,,,,,,,,,,,,,,,,,,,,,,,,,,,,,,,,,,,,,,,,,,,,,,,,,,,,,,,,,,,,,,,,,
2026-07-05,2026-07-06,075,INSUFFICIENT_HISTORY,9,,INSUFFICIENT_HISTORY,,,False,10,,False,INSUFFICIENT_HISTORY,False,True,,,,,,,,,,,,,,,,,,,,,,,,,,,,,,,,,,,,,,,,,,,,,,,,,,,,,,,,,,,,,,,,,,,,,,,,,,,,,,,,,,,,,,,,,
2026-07-06,2026-07-07,075,INSUFFICIENT_HISTORY,10,,INSUFFICIENT_HISTORY,,,False,11,,False,INSUFFICIENT_HISTORY,True,True,,,,,,,,,,,,,,,,,,,,,,,,,,,,,,,,,,,,,,,,,,,,,,,,,,,,,,,,,,,,,,,,,,,,,,,,,,,,,,,,,,,,,,,,,
2026-07-07,2026-07-08,075,INSUFFICIENT_HISTORY,11,,INSUFFICIENT_HISTORY,,,False,12,,False,INSUFFICIENT_HISTORY,True,True,,,,,,,,,,,,,,,,,,,,,,,,,,,,,,,,,,,,,,,,,,,,,,,,,,,,,,,,,,,,,,,,,,,,,,,,,,,,,,,,,,,,,,,,,
2026-07-08,2026-07-09,075,INSUFFICIENT_HISTORY,12,,INSUFFICIENT_HISTORY,,,False,13,,False,INSUFFICIENT_HISTORY,True,False,,,,,,,,,,,,,,,,,,,,,,,,,,,,,,,,,,,,,,,,,,,,,,,,,,,,,,,,,,,,,,,,,,,,,,,,,,,,,,,,,,,,,,,,,
2026-07-09,2026-07-10,075,INSUFFICIENT_HISTORY,13,,INSUFFICIENT_HISTORY,,,False,14,,False,INSUFFICIENT_HISTORY,False,True,,,,,,,,,,,,,,,,,,,,,,,,,,,,,,,,,,,,,,,,,,,,,,,,,,,,,,,,,,,,,,,,,,,,,,,,,,,,,,,,,,,,,,,,,
2026-07-10,2026-07-11,075,INSUFFICIENT_HISTORY,14,,INSUFFICIENT_HISTORY,,,False,15,,False,INSUFFICIENT_HISTORY,True,True,,,,,,,,,,,,,,,,,,,,,,,,,,,,,,,,,,,,,,,,,,,,,,,,,,,,,,,,,,,,,,,,,,,,,,,,,,,,,,,,,,,,,,,,,
2026-07-11,2026-07-12,075,INSUFFICIENT_HISTORY,15,,INSUFFICIENT_HISTORY,,,False,16,,False,INSUFFICIENT_HISTORY,True,True,,,,,,,,,,,,,,,,,,,,,,,,,,,,,,,,,,,,,,,,,,,,,,,,,,,,,,,,,,,,,,,,,,,,,,,,,,,,,,,,,,,,,,,,,
2026-07-12,2026-07-13,075,INSUFFICIENT_HISTORY,16,,INSUFFICIENT_HISTORY,,,False,17,,False,INSUFFICIENT_HISTORY,True,False,,,,,,,,,,,,,,,,,,,,,,,,,,,,,,,,,,,,,,,,,,,,,,,,,,,,,,,,,,,,,,,,,,,,,,,,,,,,,,,,,,,,,,,,,
2026-07-13,2026-07-14,075,INSUFFICIENT_HISTORY,17,,INSUFFICIENT_HISTORY,,,False,18,,False,INSUFFICIENT_HISTORY,False,True,,,,,,,,,,,,,,,,,,,,,,,,,,,,,,,,,,,,,,,,,,,,,,,,,,,,,,,,,,,,,,,,,,,,,,,,,,,,,,,,,,,,,,,,,
2026-07-14,2026-07-15,075,INSUFFICIENT_HISTORY,18,,INSUFFICIENT_HISTORY,,,False,19,,False,INSUFFICIENT_HISTORY,True,False,,,,,,,,,,,,,,,,,,,,,,,,,,,,,,,,,,,,,,,,,,,,,,,,,,,,,,,,,,,,,,,,,,,,,,,,,,,,,,,,,,,,,,,,,
2026-07-15,2026-07-16,075,INSUFFICIENT_HISTORY,19,,INSUFFICIENT_HISTORY,,,False,20,,False,INSUFFICIENT_HISTORY,False,False,,,,,,,,,,,,,,,,,,,,,,,,,,,,,,,,,,,,,,,,,,,,,,,,,,,,,,,,,,,,,,,,,,,,,,,,,,,,,,,,,,,,,,,,,
2026-07-16,2026-07-17,075,INSUFFICIENT_HISTORY,20,,INSUFFICIENT_HISTORY,,,False,21,32,True,TRANSITION,False,False,,,,,,,,,,,,,,,,,,,,,,,,,,,,,,,,,,,,,,,,,,,,,,,,,,,,,,,,,,,,,,,,,,,,,,,,,,,,,,,,,,,,,,,,,
2026-07-17,2026-07-18,075,VALID_PREDICTION,21,32,TRANSITION,,3-2-1,False,22,32,False,TRANSITION,False,True,11,0.34375,2.909090909090909,3,205.2920816806859,4977.797016729629,5505.550241920928,106.93253127043862,254.314903018369,93.31784984971475,True,12,0.375,2.6666666666666665,2,False,238.6742382957068,3137.8838196917895,5803.416185919762,219.15877617878198,140.7979664034708,33.382156615020904,59.0788855879949,True,12,0.375,2.6666666666666665,2,60.063779588462694,-2864.788048210625,5740.647943187909,62.030858807232164,353.75479150888106,220.95561070629205,False,13,0.40625,2.4615384615384617,1,False,53.951186629656604,-3415.1611858320744,6035.51495279447,347.8389361639844,224.81933070569204,6.11259295880609,7.065810406139267,True,13,0.40625,2.4615384615384617,1,233.7197863339893,3952.1239529161157,6678.876708255661,96.93551446113544,221.85711412922063,132.63988012886176,True,14,0.4375,2.2857142857142856,3,False,87.88998950981932,-191.7445459508719,5207.858875513854,376.76972716981095,192.8284491249685,145.82979682417,166.19440880144788,False,276.6422695521569,148.97111356162284,-41.02888643837716,TOP,2,LONG+SHORT,314.58914650419246,186.14858207804377,-3.8514179219562266,RIGHT,1,LONG,53.12372008531026,False,1,False,False
2026-07-18,2026-07-19,075,VALID_PREDICTION,22,32,TRANSITION,0.6910866910866911,2-1-3,True,23,32,False,TRANSITION,True,True,12,0.375,2.6666666666666665,2,188.9511866296566,5732.737872292775,5803.416185919762,109.61028022743726,282.94541388278157,81.7246351938369,True,12,0.375,2.6666666666666665,1,True,187.7299103914379,6418.304277610615,6477.16147160866,285.2437265158702,81.2876947839807,1.2212762382187066,2.339478121543383,True,13,0.40625,2.4615384615384617,1,24.9242382957068,-5473.402210499749,6035.51495279447,48.98029379334115,320.64125042193336,234.41855424370596,False,13,0.40625,2.4615384615384617,3,True,236.60467189145902,2959.431614322756,4950.953039417381,220.17322843397312,137.37328088922123,148.31956640424778,139.6839594320691,False,14,0.4375,2.2857142857142856,3,245.38998950981932,2168.758896195042,5207.858875513854,91.32606860845354,216.9696842202636,151.96820449948206,True,14,0.4375,2.2857142857142856,2,True,30.116497379991415,-4282.608951191652,5376.75057878622,325.24844214974354,233.5269580916871,144.7265078701721,135.55854715312103,False,273.5187828416595,156.03713131234164,-33.96286868765836,TOP,2,LONG+SHORT,276.8884656998623,150.72931125496302,-39.27068874503698,TOP,2,LONG+MID,6.287107150858535,True,0,True,False
2026-07-19,2026-07-20,075,VALID_PREDICTION,23,32,TRANSITION,1.0,1-3-2,True,24,32,False,UNSTABLE,True,True,12,0.375,2.6666666666666665,1,322.7299103914379,-5154.458510578134,6477.16147160866,52.5347289763435,268.18638379240565,231.80659723552918,False,3,0.09375,10.666666666666666,2,False,177.5106819564935,6309.968494652196,5450.232123564481,304.7763326012444,80.13397173327284,145.2192284349444,156.02374716875997,False,13,0.40625,2.4615384615384617,3,176.36649737999142,4941.000842783129,4950.953039417381,109.93567495192127,306.9670729140092,80.28531309735524,True,8,0.25,4.0,3,False,148.6202309937711,4653.052348178781,5393.3887152712,354.84073421591427,100.08507789421868,27.746266386220327,51.8065452666035,True,14,0.4375,2.2857142857142856,2,34.10467189145902,-4452.028073503701,5376.75057878622,51.503532242278695,328.87836595254703,232.64567754582185,False,13,0.40625,2.4615384615384617,1,False,198.27592660333949,5121.331739130437,6315.928606493999,266.01090497097834,87.08143758601405,164.17125471188047,158.55997478981124,False,301.3439408863206,181.57919595956878,-8.420804040431221,TOP,1,MID,308.54265726271234,89.10016240450186,-100.89983759549814,TOP,3,LONG+MID+SHORT,92.75879022899622,True,2,False,False
2026-07-20,2026-07-21,075,VALID_PREDICTION,24,32,UNSTABLE,0.0,2-3-1,True,25,32,False,UNSTABLE,True,True,3,0.09375,10.666666666666666,2,182.3702309937711,5445.569190858632,5450.232123564481,109.97262247860196,295.4519132051811,80.12146432843264,True,3,0.09375,10.666666666666666,1,True,178.1929867446015,7742.223386824881,7746.075447688689,303.4681395154955,80.07060754148242,4.177244249169576,8.016387632279038,True,8,0.25,4.0,3,288.2759266033395,-1691.3317391304308,5393.3887152712,67.96500743606197,235.46332962299044,211.31338575715213,False,5,0.15625,6.4,2,False,204.1116585263551,5936.0423343439115,6503.462466841114,256.20378174732014,92.14575184543416,84.1642680769844,120.95904813794976,False,13,0.40625,2.4615384615384617,1,323.7606819564935,-5094.142731397814,6315.928606493999,52.19024540000001,269.1472516711948,232.09429457149304,False,14,0.4375,2.2857142857142856,3,False,196.01820436833805,5566.941498390148,5791.814064559867,269.9891359068837,85.46504353842212,127.74247758815545,146.63166788789394,False,266.68749816645544,174.5097148856926,-15.490285114307397,LEFT,1,LONG,276.5536857232331,85.89380097511291,-104.10619902488709,TOP,3,LONG+MID+SHORT,89.16345582755744,False,2,False,False
2026-07-21,2026-07-22,075,VALID_PREDICTION,25,32,UNSTABLE,0.1047619047619045,1-2-3,True,26,32,False,TRANSITION,True,True,3,0.09375,10.666666666666666,1,211.9429867446015,6573.125837170507,7746.075447688689,105.15439943877882,244.3654218550369,100.76860734045309,True,3,0.09375,10.666666666666666,1,True,208.4699715052634,7081.170562618803,8055.324573425126,249.40795987534284,96.70448344015347,3.4730152393381104,6.476441365689757,True,5,0.15625,6.4,2,260.3616585263551,1088.865115472488,6503.462466841114,83.35771273729577,217.81894663258913,176.04354127236095,True,5,0.15625,6.4,2,True,253.527554440803,1773.0660036781665,6253.005602390649,216.5001015326544,165.30987686280494,6.834104085552099,10.814384127382903,True,14,0.4375,2.2857142857142856,3,353.51820436833805,-5754.791475177755,5791.814064559867,46.20455125924654,294.7840825977277,235.90920128602778,False,12,0.375,2.6666666666666665,3,False,242.10284231478272,2567.0881881091527,5486.567970420674,217.83207348302142,146.4995411281891,111.41536205355533,117.96482118127442,False,252.32281702845125,170.90711663294726,-19.092883367052735,LEFT,2,LONG+MID,227.91337829700623,136.17130047704916,-53.82869952295084,LEFT,3,LONG+MID+SHORT,42.45465372842558,True,1,False,False
2026-07-22,2026-07-23,075,VALID_PREDICTION,26,32,TRANSITION,0.7777777777777778,1-2-3,False,27,32,False,STABLE,True,True,3,0.09375,10.666666666666666,1,242.2199715052634,3754.4117811732353,8055.324573425126,92.91450479772033,217.79449683019914,146.6945678880183,True,3,0.09375,10.666666666666666,1,True,242.18360523361923,3620.5911399760876,7758.857311789639,217.8061091330485,146.63401583758218,0.0363662716441695,0.061655465203686845,True,5,0.15625,6.4,2,309.777554440803,-4000.727236370644,6253.005602390649,57.52612236347353,255.78920602218412,226.80571219292528,False,5,0.15625,6.4,2,True,309.74164913742675,-3846.80840578633,6016.9659472066105,255.75429617648672,226.78785522985683,0.03590530337623932,0.039211840770924364,True,12,0.375,2.6666666666666665,3,17.10284231478272,-5243.943304084131,5486.567970420674,47.41509033782627,313.94419674098265,235.3183204564445,False,12,0.375,2.6666666666666665,3,True,17.123785004198453,-5044.385752112911,5278.371370849903,313.96177392547855,235.31650985779117,0.020942689415733184,0.017670191914252717,True,262.5092998644553,202.9395335124627,12.939533512462702,LEFT,1,LONG,262.5073930783379,202.9127936417434,12.912793641743406,LEFT,1,LONG,0.026807769757705813,True,0,True,True
2026-07-23,2026-07-24,075,VALID_PREDICTION,27,32,STABLE,1.0,1-2-3,False,28,32,False,UNSTABLE,True,False,3,0.09375,10.666666666666666,1,275.93360523361923,-802.0791223990375,7758.857311789639,74.69197010779297,225.7082028817127,197.72135218201313,False,3,0.09375,10.666666666666666,1,True,265.04344246455366,626.4751859799973,7250.837565963203,219.53720801826188,183.02188879037962,10.890162769065569,15.942252087039346,False,5,0.15625,6.4,2,5.991649137426748,-5984.095983270093,6016.9659472066105,46.17481216533341,304.81988899255674,235.92256469975575,False,11,0.34375,2.909090909090909,3,False,158.54283172975556,6111.265536525266,5463.906002101212,339.427302045692,89.68811882366937,152.55118259232881,150.27370428293952,False,12,0.375,2.6666666666666665,3,152.12378500419845,4665.868122748284,5278.371370849903,106.28671373001633,349.69572402856915,96.04681735671359,True,12,0.375,2.6666666666666665,2,True,214.00668230923065,4529.4269943721,6566.372348495729,241.53907272433833,103.34991177872425,61.8828973050322,108.40293542834426,True,293.40793863427956,176.56357807949416,-13.436421920505836,TOP,1,SHORT,266.8345275960974,125.35330646425774,-64.64669353574226,TOP,3,LONG+MID+SHORT,57.69435061694056,True,2,False,False
2026-07-24,2026-07-25,075,VALID_PREDICTION,28,32,UNSTABLE,0.2727272727272728,1-3-2,True,29,32,False,STABLE,False,True,3,0.09375,10.666666666666666,1,298.79344246455366,-3492.3904007042242,7250.837565963203,62.5870919316768,245.15106275113683,220.14528419395702,False,3,0.09375,10.666666666666666,1,True,303.05329622072713,-4098.033434281993,7513.551947967479,249.25204941042603,223.02325847531077,4.25985375617347,5.010072608635679,True,11,0.34375,2.909090909090909,3,337.75668230923065,-5057.307573033266,5463.906002101212,48.38129091627321,281.6857136938014,234.78098064825787,False,11,0.34375,2.909090909090909,3,True,299.85389707026434,-3343.3458729081854,6045.988408241324,246.16621592449235,220.89818517560622,37.90278523896632,38.136160424450544,True,12,0.375,2.6666666666666665,2,293.54283172975556,-2622.8357216301206,6566.372348495729,65.21809567936072,240.2105456847569,216.0503580921205,False,12,0.375,2.6666666666666665,2,True,340.28877825917743,-5691.720721773855,6716.377708268543,283.8527181606569,235.06979323632308,46.74594652942187,47.60649253642542,True,255.6824407098984,223.65887431144515,33.658874311445146,LEFT,0,NONE,259.7569944985251,226.3304122957467,36.3304122957467,LEFT,0,NONE,4.872279115360511,True,0,True,True
2026-07-25,2026-07-26,075,VALID_PREDICTION,29,32,STABLE,1.0,1-3-2,False,30,32,False,STABLE,True,False,3,0.09375,10.666666666666666,1,336.80329622072713,-6906.141390215731,7513.551947967479,48.586943962411006,280.8621357150998,234.65907829567476,False,3,0.09375,10.666666666666666,1,True,336.84870678221523,-6722.712562197574,7311.509165595793,280.9014608649255,234.66505539326795,0.0454105614880973,0.03977679102762832,True,11,0.34375,2.909090909090909,3,104.03877825917743,1466.6270671847988,6045.988408241324,85.76251341897053,383.2009388836169,169.19585433564396,True,11,0.34375,2.909090909090909,3,True,74.38072948528225,-1751.1094873357488,5828.0826600894525,366.82198481522306,208.68126217752166,29.65804877389519,42.74772004228966,False,12,0.375,2.6666666666666665,2,74.85389707026434,-1754.8638301917656,6716.377708268543,69.6389987273939,367.21992821124695,208.1953674057099,False,12,0.375,2.6666666666666665,2,True,103.51644558150338,1362.1654325329962,6503.807384972473,383.1116548657351,170.02142481603585,28.662548511239038,41.349690070189155,False,343.7610009366545,204.01676667900952,14.016766679009521,RIGHT,1,MID,343.6117001819612,204.45591412894183,14.455914128941828,RIGHT,1,SHORT,0.46383315764834293,True,0,True,False
2026-07-26,2026-07-27,075,VALID_PREDICTION,30,32,STABLE,1.0,1-3-2,False,31,32,False,STABLE,False,False,3,0.09375,10.666666666666666,1,10.598706782215231,-7186.771169678078,7311.509165595793,46.54593597285624,308.56115512935713,235.75183907167354,False,3,0.09375,10.666666666666666,1,True,8.449437739780933,-7511.6744417129,7594.1014508428225,306.8101177512476,235.8442728789959,2.149269042434298,1.753475380001884,True,11,0.34375,2.909090909090909,3,227.26644558150338,3954.8782936218895,5828.0826600894525,99.7148782501925,226.75769535683492,122.33448622076007,True,11,0.34375,2.909090909090909,3,True,212.3859540771382,4862.682827861443,5241.023918763349,243.74776509579664,101.31261200722493,14.880491504365182,27.02927422600312,True,12,0.375,2.6666666666666665,2,209.38072948528225,5667.280326107098,6503.807384972473,105.88412382175655,248.05211514223163,97.73481189362313,True,12,0.375,2.6666666666666665,2,True,232.2046257125421,3211.9261806993663,5758.339184281259,222.86736172011183,130.17976623387025,22.823896227259866,41.07245874151796,True,261.1236552094745,151.9403790620189,-38.059620937981094,LEFT,2,MID+SHORT,257.8084148557187,155.77888370669703,-34.22111629330297,LEFT,2,MID+SHORT,5.071975602305929,True,0,True,True
2026-07-27,2026-07-28,075,VALID_PREDICTION,31,32,STABLE,1.0,1-3-2,False,32,32,False,STABLE,False,True,3,0.09375,10.666666666666666,1,42.19943773978093,-5625.795317905925,7594.1014508428225,54.294041982674635,336.4700311724457,230.22163374475574,False,3,0.09375,10.666666666666666,1,True,39.76329968409436,-5800.155636508754,7545.473614261754,334.15673070425015,231.04961931875695,2.4361380556865697,2.457014278938554,True,11,0.34375,2.909090909090909,3,355.9546257125421,-5227.965882295,5241.023918763349,46.07972815493004,296.7492386052183,235.96492028913406,False,11,0.34375,2.909090909090909,3,True,347.9887134068558,-5793.91330573323,5427.85965770276,290.28140354427603,235.67815452349342,7.965912305686288,6.474189136864745,True,12,0.375,2.6666666666666665,2,347.3859540771382,-5619.351621621508,5758.339184281259,46.77237582969284,289.7857326413697,235.64344293631294,False,12,0.375,2.6666666666666665,2,True,356.01830767208,-5414.758370760666,5923.60091841428,296.80050162432997,235.96602160776868,8.632353594941833,7.022182059985322,True,307.6683341396779,233.9433323234009,43.94333232340091,BOTTOM,0,NONE,307.079545290952,234.23126515000635,44.23126515000635,BOTTOM,0,NONE,0.6554217123508602,True,0,True,True
2026-07-28,2026-07-29,075,VALID_PREDICTION,32,32,STABLE,1.0,1-3-2,False,33,64,True,UNSTABLE,True,False,3,0.09375,10.666666666666666,1,73.51329968409436,-2141.3508781414666,7545.473614261754,68.91863127438273,366.08508555483354,209.5586094583603,False,5,0.078125,12.8,2,False,77.9872961492149,-1526.9346351147715,6497.27580459048,369.77764785023055,204.84786805322162,4.4739964651205355,5.985490864705725,True,11,0.34375,2.909090909090909,3,119.76830767208003,2694.899173052161,5427.85965770276,93.88780458155162,381.49839003072816,143.38527838179306,True,6,0.09375,10.666666666666666,1,False,3.5894685129364916,-6484.529793526426,7336.497220275553,302.8838555297924,235.97241239211039,116.17883915914354,121.46037386342624,False,12,0.375,2.6666666666666665,2,122.98871340685582,3225.2455978934527,5923.60091841428,95.42316211947289,380.0388337266896,138.04458676373997,True,25,0.390625,2.56,3,False,225.90378504383352,4370.673059444022,6280.917753148745,227.99052457561248,120.22718740701193,102.9150716369777,153.08869336283018,True,375.87410310408376,163.66282486796445,-26.337175132035554,RIGHT,2,MID+SHORT,300.2173426518785,187.01582261744798,-2.9841773825520193,TOP,1,SHORT,79.1789612587192,False,1,False,False
2026-07-29,2026-07-30,075,VALID_PREDICTION,33,64,UNSTABLE,,2-1-3,True,34,64,False,STABLE,False,False,5,0.078125,12.8,2,31.71446851293649,-5527.092111227894,6497.27580459048,50.77829156731627,326.6934615499383,233.19599524235258,False,5,0.078125,12.8,2,True,108.90697833106765,2233.2618135880534,6559.332579865905,383.60117237173597,161.36554481577332,77.19250981813116,91.64115428923081,False,6,0.09375,10.666666666666666,1,111.7372961492149,2717.082669657433,7336.497220275553,89.85124764836648,383.4620774138594,156.72345664389064,True,6,0.09375,10.666666666666666,1,True,29.742679173575425,-5695.220603477881,6892.088973419879,324.9122433439846,233.60031589527895,81.99461697563947,96.63402381132455,False,25,0.390625,2.56,3,6.528785043833523,-6240.185107737587,6280.917753148745,46.20752455363766,305.2539047666851,235.90786218152215,False,25,0.390625,2.56,3,True,5.984590592569475,-6438.7312389011695,6474.014802159573,304.81418865394045,235.92274911532076,0.5441944512640475,0.4399680449818778,True,338.46981457682756,208.60910468925513,18.609104689255133,RIGHT,1,MID,337.77586812322033,210.29620327545766,20.296203275457657,RIGHT,1,LONG,1.824243218444459,True,0,True,False
2026-07-30,2026-07-31,075,VALID_PREDICTION,34,64,STABLE,1.0,2-1-3,False,35,64,False,UNSTABLE,False,True,5,0.078125,12.8,2,57.867679173575425,-3488.7539400044284,6559.332579865905,60.97995646343274,351.639170040254,222.43379730830003,False,5,0.078125,12.8,1,True,51.75117275544176,-4113.6287253161945,6644.767793632993,345.6979431943618,226.0238369585807,6.1165064181336675,6.94165406260908,True,6,0.09375,10.666666666666666,1,142.65697833106765,5479.336433712079,6892.088973419879,103.44058362493583,362.7455608663047,107.7628494399265,True,22,0.34375,2.909090909090909,3,False,35.580454320748686,-5137.726896844047,5918.984113254243,330.24108685589624,232.27076128054927,107.07652401031896,128.68084916414566,False,25,0.390625,2.56,3,146.60959059256948,5405.413887301577,6474.014802159573,104.71807984373945,357.6306516636097,102.5666869266212,True,24,0.375,2.6666666666666665,2,False,13.232574368786118,-5761.828699764177,6317.141690850342,310.7240847619038,235.60572618397586,133.37701622378336,141.06598450733674,False,357.3384608567228,144.2544445582826,-45.745555441717414,RIGHT,2,MID+SHORT,328.8877049373873,231.30010814103525,41.30010814103525,BOTTOM,0,NONE,91.57725187481527,False,2,False,False
2026-07-31,2026-08-01,075,VALID_PREDICTION,35,64,UNSTABLE,0.0,1-3-2,True,36,64,False,UNSTABLE,True,False,5,0.078125,12.8,1,79.87617275544176,-1167.9915689598085,6644.767793632993,72.37516383303458,371.2482945580077,202.72182622244043,False,5,0.078125,12.8,2,True,171.34455821667052,6644.982656077688,6540.072672261482,316.49927841273575,81.61305600452587,91.46838546122876,132.90895000928595,False,22,0.34375,2.909090909090909,3,136.98257436878612,4327.643029177448,5918.984113254243,101.39667995113774,369.17491990679616,115.86419784610275,True,6,0.09375,10.666666666666666,3,False,84.38516682768432,-639.8842982303651,6336.66220977499,374.5098882486513,197.3252340574028,52.5974075411018,81.63554561480761,False,24,0.375,2.6666666666666665,2,170.5804543207487,6231.96380183944,6317.141690850342,109.56852440838921,317.9322595533643,81.9088550882055,True,24,0.375,2.6666666666666665,1,True,172.30670203210389,6279.6250618173335,6721.532702943149,314.6871698399917,81.27556842598955,1.7262477113551995,3.306305981662488,True,352.785158006056,133.49829305224955,-56.50170694775045,TOP,2,MID+SHORT,335.2321121671262,120.07128616263941,-69.92871383736059,TOP,2,LONG+SHORT,22.099636472965084,True,0,True,False
2026-08-01,2026-08-02,075,VALID_PREDICTION,36,64,UNSTABLE,0.0,2-3-1,True,37,64,False,UNSTABLE,False,False,5,0.078125,12.8,2,112.51016682768432,2503.8495815694437,6540.072672261482,90.25111564127567,383.37502870220743,155.44759829764365,True,5,0.078125,12.8,3,True,310.27139067952976,-4468.884604206137,5998.964324356915,256.26922387773595,227.04887048688948,162.23877614815456,145.88566687373748,False,6,0.09375,10.666666666666666,3,206.05670203210389,5692.602455180455,6336.66220977499,106.74751289168735,253.11004351165369,94.1023280309582,True,22,0.34375,2.909090909090909,2,False,270.0197203142934,-2.069634898157285,6013.157061163393,222.0110185204297,190.0268425929449,63.96301828218952,100.83978306877484,False,24,0.375,2.6666666666666665,1,306.3445582166705,-3983.4475288128456,6721.532702943149,59.035527675674956,252.44879300744094,224.98680096116513,False,24,0.375,2.6666666666666665,1,True,108.32011824099709,1885.6293080582993,6913.402268146492,383.59519925315163,162.32096414746604,161.97556002432657,145.34918979728147,False,296.3112884071007,158.178909096589,-31.821090903411005,TOP,2,LONG+MID,287.2918138837724,193.13222574243346,3.1322257424334623,LEFT,1,SHORT,36.09827233014948,False,1,False,False
2026-08-02,2026-08-03,075,VALID_PREDICTION,37,64,UNSTABLE,0.030303030303030276,3-2-1,True,38,64,False,STABLE,False,True,5,0.078125,12.8,3,136.4451182409971,4347.537546294889,5998.964324356915,101.19086995009762,369.72547506027666,116.66549046406388,True,5,0.078125,12.8,3,True,81.76003548256631,-968.6159790568724,5471.508673997228,372.65589618996347,200.52161053842963,54.68508275843078,83.90730744055467,False,22,0.34375,2.909090909090909,2,33.76972031429341,-4998.607246674303,6013.157061163393,51.399092977852405,328.57051370593376,232.72695291645508,False,22,0.34375,2.909090909090909,2,True,31.53660192692587,-5268.366321323648,6181.307006890552,326.53199193253795,233.23425625986118,2.23311838736754,2.100696956450366,True,24,0.375,2.6666666666666665,1,85.27139067952976,-569.9142400510624,6913.402268146492,75.36204332190214,375.1055371885077,196.21255642050374,False,24,0.375,2.6666666666666665,1,True,134.62792859733304,3843.7350831208387,6758.448535122284,371.50997914653885,119.41279461467315,49.35653791780328,76.88388290835397,False,357.8005086515727,181.86833326700756,-8.131666732992443,RIGHT,1,LONG,356.89928908968005,184.3895538043213,-5.610446195678691,RIGHT,1,SHORT,2.677452090423033,True,0,True,False
2026-08-03,2026-08-04,075,VALID_PREDICTION,38,64,STABLE,1.0,3-2-1,False,39,64,False,TRANSITION,True,True,5,0.078125,12.8,3,162.75292859733304,5225.482836557993,5471.508673997228,108.56112321717221,332.1875870532946,86.32031677391838,True,6,0.09375,10.666666666666666,3,False,217.26111567745193,5179.994331592144,5246.026147444268,237.3552792471881,107.65117320514726,54.50818708011889,97.20170800928256,True,22,0.34375,2.909090909090909,2,155.28660192692587,5615.1638083091375,6181.307006890552,107.06913403032563,344.7634109170502,92.73728101129835,True,22,0.34375,2.909090909090909,2,True,154.91798496518095,5373.696479645754,5933.184444787889,345.35148568471703,93.10578072750862,0.36861696174491954,0.6939913351141138,True,24,0.375,2.6666666666666665,1,216.7600354825663,5414.524302518159,6758.448535122284,103.63676808074504,237.97702855800858,106.9715066273749,True,24,0.375,2.6666666666666665,1,True,281.71193245920267,-1064.8972718812602,6508.474480978049,229.98439850241726,204.51474152543955,64.95189697663636,97.87014258487908,False,304.97600884278444,95.3430348041972,-94.6569651958028,TOP,3,LONG+MID+SHORT,270.89705447810746,135.09056515269847,-54.909434847301526,TOP,2,LONG+MID,52.3568648736225,True,1,False,False
2026-08-04,2026-08-05,075,VALID_PREDICTION,39,64,TRANSITION,0.7777777777777777,3-2-1,False,40,64,False,TRANSITION,True,False,6,0.09375,10.666666666666666,3,315.46193245920267,-3739.286674780946,5246.026147444268,55.190892643323124,261.29004636807167,229.33921860663702,False,5,0.078125,12.8,3,False,352.03879514821074,-6055.929272384613,5335.002499542523,293.58616637814566,235.86209660134335,36.57686268900807,32.94825192690693,True,22,0.34375,2.909090909090909,2,278.66798496518095,-894.1810795340795,5933.184444787889,73.17732933952072,227.65848366374996,201.02844247556052,False,22,0.34375,2.909090909090909,2,True,276.3580507079687,-637.1711217822603,5753.68948097447,226.00168280757913,198.2453859118924,2.3099342572122623,3.2388876043457513,True,24,0.375,2.6666666666666665,1,352.2611156774519,-6449.195559110972,6508.474480978049,46.2914547034471,293.76645313710196,235.8698340096119,False,24,0.375,2.6666666666666665,1,True,189.6596741408414,5259.3618256219615,6114.863863955828,281.6186152839793,82.0068701690191,162.60144153661054,154.3417688324108,False,260.9049943896412,222.07916503060315,32.07916503060315,LEFT,0,NONE,267.0688214899014,172.03811756075163,-17.96188243924837,LEFT,1,SHORT,50.41923438928674,True,1,False,False
2026-08-05,2026-08-06,075,VALID_PREDICTION,40,64,TRANSITION,0.7333333333333332,3-2-1,False,41,64,False,TRANSITION,False,False,5,0.078125,12.8,3,217.7846741408414,4216.353459481108,5335.002499542523,103.2902057149861,236.71453760904657,108.36779528514886,True,6,0.09375,10.666666666666666,3,False,37.8160175530038,-4636.402751072931,5141.692610026412,332.3244252168545,231.64835101252777,179.9686565878376,156.0107240827663,False,22,0.34375,2.909090909090909,2,40.10805070796869,-4400.59942741314,5753.68948097447,53.52541162625086,334.4827349999291,230.93788803399917,False,22,0.34375,2.909090909090909,1,True,124.2672535453703,3237.2516918162273,5868.98579825521,379.3509882822675,135.93685537609926,84.15920283740161,105.06358245688862,False,24,0.375,2.6666666666666665,1,127.03879514821074,3683.322758970972,6114.863863955828,97.27538059871394,377.6479165712323,131.40562550234364,True,24,0.375,2.6666666666666665,2,True,347.7628301034058,-5024.8661266976105,5749.453445939345,290.09578137051506,235.66537992868396,139.27596504480493,136.14504313872564,False,316.281729726736,156.9037696071639,-33.096230392836105,TOP,2,LONG+SHORT,333.92373162321235,201.083528772437,11.083528772437006,RIGHT,1,MID,47.571959711754666,False,1,False,False
2026-08-06,2026-08-07,075,VALID_PREDICTION,41,64,TRANSITION,0.7777777777777777,3-1-2,True,42,64,False,TRANSITION,False,False,6,0.09375,10.666666666666666,3,21.512830103405804,-4783.49903631626,5141.692610026412,48.2292648020952,317.68613265112975,234.8693959754002,False,6,0.09375,10.666666666666666,2,True,265.3201700029458,451.2142232797654,5507.089238043738,219.65793777113842,183.4231535098103,116.19266010045999,110.70791685899353,False,22,0.34375,2.909090909090909,1,161.5660175530038,5567.840105549294,5868.98579825521,108.35803620968818,334.26408588833385,87.20196291048659,True,16,0.25,4.0,3,False,18.01218434957559,-5237.191090889748,5174.08294075485,314.7090318593747,235.23701000607605,143.5538332034282,149.32104776845392,False,24,0.375,2.6666666666666665,2,259.2672535453703,1070.7102576379937,5749.453445939345,83.95930179565407,217.5094384550588,174.36441193897744,True,24,0.375,2.6666666666666665,1,True,351.72478247491244,-5120.211091432227,5530.422793482539,293.33134967655906,235.85076487879587,92.45752892954215,97.61933117534142,False,289.8198856648408,165.47859027495474,-24.52140972504526,TOP,2,MID+SHORT,275.89943976902407,218.17030946489407,28.170309464894075,BOTTOM,1,LONG,54.49950536591852,False,1,False,False
2026-08-07,2026-08-08,075,VALID_PREDICTION,42,64,TRANSITION,0.5,2-3-1,True,43,64,False,TRANSITION,False,True,6,0.09375,10.666666666666666,2,51.76218434957559,-3408.485847213296,5507.089238043738,58.194338170998925,345.70865957020357,226.01804319304176,False,6,0.09375,10.666666666666666,2,True,34.49235254328414,-5029.332315373255,5835.260376382538,329.23535052693654,232.5498645021311,17.26983180629145,17.721021427921603,True,16,0.25,4.0,3,81.72478247491244,-744.6963522031632,5174.08294075485,73.39429816967244,372.6301266986292,200.56350791924,False,22,0.34375,2.909090909090909,3,False,43.37077861406692,-4241.79663479392,5308.868481660807,337.5897823082597,229.79071134281938,38.35400386084552,45.62954256793497,True,24,0.375,2.6666666666666665,1,40.320170002945815,-4216.6188238126715,5530.422793482539,53.60190108412341,334.68355090877526,230.86826514779585,False,24,0.375,2.6666666666666665,1,True,292.80898484139016,-2058.0367185746563,6102.064359642493,239.53448826608818,215.4285188250658,107.51118516155566,96.3936195414004,True,351.00744572586933,219.14993875335918,29.14993875335918,RIGHT,0,NONE,302.1198737004282,225.9230315566721,35.9230315566721,BOTTOM,0,NONE,49.35452851223468,False,0,True,True
2026-08-08,2026-08-09,075,VALID_PREDICTION,43,64,TRANSITION,0.6363636363636365,2-3-1,False,44,64,False,TRANSITION,True,True,6,0.09375,10.666666666666666,2,77.12077861406692,-1300.6596927198593,5835.260376382538,70.86730882901274,369.08443565790026,205.79608212488492,False,6,0.09375,10.666666666666666,2,True,169.9019095813992,6119.424707516101,5703.977783098535,319.19981554994376,82.19203952222888,92.78113096733227,133.29078989575515,False,22,0.34375,2.909090909090909,3,56.558984841390156,-2925.6018167972284,5308.868481660807,60.36549681708751,350.3722054101793,223.26611080496946,False,16,0.25,4.0,3,False,79.78495065586912,-1011.5619216036141,5356.093098247529,371.17859677209987,202.82635296866087,23.22596581447897,29.1665839945706,True,24,0.375,2.6666666666666665,1,169.49235254328414,5999.736250414572,6102.064359642493,109.46337840732225,319.96248189357965,82.3722594820781,True,24,0.375,2.6666666666666665,1,True,162.57043981026527,5110.173009161378,6215.712154487833,332.5085481989689,86.45234012640131,6.921912733018871,13.192832819504874,True,346.47304098721975,170.4781508039775,-19.521849196022487,RIGHT,1,SHORT,340.96232017367083,123.82357753909702,-66.17642246090298,TOP,2,LONG+SHORT,46.97890218399088,False,1,False,False
2026-08-09,2026-08-10,075,VALID_PREDICTION,44,64,TRANSITION,0.5,2-3-1,False,45,64,False,TRANSITION,True,True,6,0.09375,10.666666666666666,2,113.53495065586912,2277.6462709233783,5703.977783098535,90.77786896111567,383.2266630988564,153.75163393267306,True,6,0.09375,10.666666666666666,1,True,121.83754898524239,3284.294835526656,6226.001894810801,380.6053795537985,139.94938484706336,8.302598329373268,14.048957514520612,True,16,0.25,4.0,3,252.57043981026527,1604.3269908386674,5356.093098247529,87.58505813194974,216.43632926803252,163.76537894734636,True,22,0.34375,2.909090909090909,2,False,182.1127394696996,5965.398406983289,5969.456315008414,295.9455524830079,80.09651375901754,70.45770034056568,115.42181586750192,True,24,0.375,2.6666666666666665,1,304.9019095813992,-3556.4639606122087,6215.712154487833,59.69045735854732,251.04589767545323,224.15328044669153,False,24,0.375,2.6666666666666665,3,True,296.7401875866735,-2506.469267696871,5570.606320926464,243.20008014912963,218.61731869330518,8.161721994725667,9.602277083656928,True,283.56963001411407,180.55676444223698,-9.443235557763018,LEFT,2,LONG+MID,306.58367072864536,146.22107243312868,-43.77892756687132,TOP,2,LONG+MID,41.335043434771514,False,0,True,True
2026-08-10,2026-08-11,075,VALID_PREDICTION,45,64,TRANSITION,0.6363636363636365,1-2-3,True,46,64,False,STABLE,True,True,6,0.09375,10.666666666666666,1,155.5875489852424,5669.3591418633905,6226.001894810801,107.1390037466639,344.28079900708894,92.43988026287866,True,6,0.09375,10.666666666666666,1,True,156.93552520118737,6057.449706611377,6583.722301009793,342.0922263222386,91.14635988801341,1.347976215944982,2.5422520246947427,True,22,0.34375,2.909090909090909,2,305.8627394696996,-3497.1788053825676,5969.456315008414,59.25294568437018,251.98006195829768,224.71306847206097,False,22,0.34375,2.909090909090909,2,True,301.96857575041304,-2951.255969911193,5574.149211547444,248.20259111579585,222.327125734348,3.894163719286553,4.467886381008002,True,24,0.375,2.6666666666666665,3,71.74018758667353,-1745.41828247984,5570.606320926464,67.97355371720727,364.5507780592956,211.29791203112694,False,24,0.375,2.6666666666666665,3,True,76.7441576001138,-1223.656638192544,5336.496014433047,368.77967375652895,206.2028657986233,5.0039700134402665,6.621408832675125,True,320.27054634156076,176.15028692202222,-13.849713077977782,RIGHT,1,LONG,319.69149706485445,173.22545047366157,-16.774549526338433,RIGHT,1,LONG,2.981604654294907,True,0,True,True
2026-08-11,2026-08-12,075,VALID_PREDICTION,46,64,STABLE,1.0,1-2-3,False,47,64,False,UNSTABLE,True,False,6,0.09375,10.666666666666666,1,190.68552520118737,6469.5583881678,6583.722301009793,109.44510946180347,279.70686629269284,82.45270477857895,True,3,0.046875,21.333333333333332,3,False,189.64186697185255,6799.094550423244,5333.991313614256,281.65190050898156,81.99951884722667,1.0436582293348238,1.997131841143569,True,22,0.34375,2.909090909090909,2,65.71857575041304,-2292.1952437978043,5574.149211547444,64.84099671218401,359.10494460040815,216.66384027877723,False,6,0.09375,10.666666666666666,1,False,209.33594079114482,4892.610184096297,6896.515324719712,248.1182471635632,97.6835406318534,143.61736504073178,162.70943031062933,False,24,0.375,2.6666666666666665,3,211.7441576001138,4538.187579356873,5336.496014433047,105.21298810055393,244.64458398304532,100.52625646237227,True,24,0.375,2.6666666666666665,2,True,154.68310549075738,4821.696105890499,5612.322536222408,345.7244294368532,93.34299800641304,57.06105210935641,101.33476382274148,True,294.48546495871545,133.2142671732428,-56.7857328267572,TOP,2,LONG+SHORT,291.8315257031326,91.00868582849769,-98.99131417150231,TOP,3,LONG+MID+SHORT,42.28894051900828,True,1,False,False
2026-08-12,2026-08-13,075,VALID_PREDICTION,47,64,UNSTABLE,0.0,3-1-2,True,48,64,False,UNSTABLE,False,True,3,0.046875,21.333333333333332,3,171.55810549075738,5276.198867365488,5333.991313614256,109.65328809680653,316.09779817208505,81.53477753467672,True,6,0.09375,10.666666666666666,1,False,227.7817462693531,4249.046219508618,6323.394147149017,226.3093065653976,123.13856774511397,56.22364077859572,98.95882267326272,True,6,0.09375,10.666666666666666,1,223.39186697185255,5011.505924938684,6896.515324719712,101.25351022178081,230.44042127508868,116.42188953333245,True,9,0.140625,7.111111111111111,3,False,345.79833561497617,-5931.275005029022,5028.270642594477,288.47463234443273,235.5422464199818,122.40646864312362,132.50520397042482,False,24,0.375,2.6666666666666665,2,344.3359407911448,-5403.888176900863,5612.322536222408,47.18843837916323,287.25928629939295,235.43592115345797,False,24,0.375,2.6666666666666665,2,True,264.5925207198625,473.8555327244663,6118.259896227185,219.34492147132062,182.36522758609752,79.74342007128234,86.19083168018037,False,277.9325019155222,144.46419607382236,-45.535803926177636,TOP,2,LONG+MID,244.70962012705033,180.34868058373112,-9.651319416268876,LEFT,2,LONG+SHORT,48.90251632454774,False,0,True,False
2026-08-13,2026-08-14,075,VALID_PREDICTION,48,64,UNSTABLE,0.0,1-3-2,True,49,64,False,UNSTABLE,True,True,6,0.09375,10.666666666666666,1,261.5317462693531,931.1918596850388,6323.394147149017,82.71236472320109,218.1893977904781,177.81966157205767,True,6,0.09375,10.666666666666666,2,True,124.75815691383013,3581.3440772754257,6249.769826212125,379.0704808512081,135.13017970831785,136.77358935552297,166.44853483460912,True,9,0.140625,7.111111111111111,3,315.2175207198625,-3568.9969935435192,5028.270642594477,55.28684235372346,261.0549976235403,229.2418364420298,False,24,0.375,2.6666666666666665,1,False,257.0824910026522,1397.1234358437973,6281.8063925218485,217.00145140326316,170.96409894809943,58.13502971721027,73.05483982593866,False,24,0.375,2.6666666666666665,2,120.79833561497617,3132.658661603585,6118.259896227185,94.38457320734784,381.0739671473474,141.6734078324982,True,27,0.421875,2.3703703703703702,3,False,132.0469390848657,3512.5454878118935,5244.646728381036,373.8375881855326,123.40672370394613,11.248603469889531,19.647822513736546,True,286.77278752045527,182.91163528219522,-7.0883647178047795,LEFT,2,LONG+SHORT,323.3031734800013,143.1670007867878,-46.83299921321219,TOP,3,LONG+MID+SHORT,53.98245149608275,False,1,False,False
2026-08-14,2026-08-15,075,VALID_PREDICTION,49,64,UNSTABLE,0.01851851851851849,2-1-3,True,50,64,False,UNSTABLE,True,,6,0.09375,10.666666666666666,2,290.8324910026522,-2222.6495262350245,6249.769826212125,66.61961531107646,237.73569841156052,213.69240156462965,False,6,0.09375,10.666666666666666,2,True,256.2225985001505,1485.7986999811344,5967.912489050829,216.84264452593135,169.60936862694598,34.60989250250168,48.78353711707165,False,24,0.375,2.6666666666666665,1,259.75815691383013,1116.9268533079003,6281.8063925218485,83.68971042284929,217.64379969839706,175.11968069755818,True,15,0.234375,4.266666666666667,3,False,287.64663198375797,-1809.146262541767,5265.528434797754,234.91453453886118,210.70464317653207,27.888475069927836,39.554618397345216,False,27,0.421875,2.3703703703703702,3,283.9219390848657,-1261.8605406008614,5244.646728381036,70.30080892184472,231.76431777205124,206.91435502619356,False,24,0.375,2.6666666666666665,1,False,210.67635239007268,4528.6857296252465,6238.908953128275,246.16393628957758,99.24442978863289,73.24558669479302,108.62854971927128,False,229.04793862733626,198.5754790961271,8.575479096127111,LEFT,1,MID,232.64037178479006,159.852813864037,-30.14718613596301,LEFT,2,LONG+SHORT,38.888949312977005,True,1,False,False
2026-08-15,,075,PENDING_ACTUAL,50,64,UNSTABLE,0.033333333333333215,2-3-1,True,,,False,,,,6,0.09375,10.666666666666666,2,321.39663198375797,-4663.826915516618,5967.912489050829,52.99251847771847,266.9366145192107,231.41279458283475,False,,,,,,,,,,,,,,15,0.234375,4.266666666666667,3,295.0513523900727,-2229.5847419289225,5265.528434797754,64.45022762193746,241.6126927026643,217.29018481223676,False,,,,,,,,,,,,,,24,0.375,2.6666666666666665,1,31.222598500150525,-5335.264596345386,6238.908953128275,50.63488402127639,326.2473182534441,233.3009210566072,False,,,,,,,,,,,,,,278.26554182510637,227.33463348389287,37.33463348389287,BOTTOM,0,NONE,,,,,,,,,,,
