Date,Machine,Group,Island,種別,開始時刻,開始差玉,終了時刻,終了差玉,増減差玉,時間(分)
2026/08/31,0035,8,s2,当り,10:59,-3244,10:59,-3244,0,0
2026/08/31,0035,8,s2,当り,11:28,-2889,11:33,-2178,711,5
2026/08/31,0035,8,s2,大当り,11:35,-1956,12:30,1379,3335,55
2026/08/31,0035,8,s2,当り,15:49,-2222,16:06,-1511,711,17
2026/08/31,0035,8,s2,当り,17:01,-4533,17:31,-3244,1289,30
2026/08/31,0036,9,s2,当り,14:33,-1422,14:34,-1467,-45,1
2026/08/31,0036,9,s2,当り,16:01,-4533,16:30,-3867,666,29
2026/08/31,0036,9,s2,当り,16:32,-3733,16:48,-2756,977,16
2026/08/31,0036,9,s2,大当り,18:31,-5911,19:46,4397,10308,75
2026/08/31,0037,1,s2,当り,11:47,-2044,12:08,-1244,800,21
2026/08/31,0037,1,s2,当り,16:47,-4489,16:48,-4489,0,1
2026/08/31,0037,1,s2,当り,17:57,-4622,18:38,-4044,578,41
2026/08/31,0037,1,s2,当り,18:40,-4044,18:40,-4044,0,0
2026/08/31,0037,1,s2,当り,18:51,-3956,18:51,-3956,0,0
2026/08/31,0037,1,s2,当り,19:02,-4133,19:02,-4133,0,0
2026/08/31,0037,1,s2,当り,19:16,-4489,19:16,-4489,0,0
2026/08/31,0037,1,s2,大当り,19:47,-6044,20:08,-3644,2400,21
2026/08/31,0037,1,s2,大当り,20:09,-3644,20:31,-1511,2133,22
2026/08/31,0037,1,s2,当り,20:33,-1378,20:50,-533,845,17
2026/08/31,0038,2,s2,当り,12:08,-89,12:15,302,391,7
2026/08/31,0038,2,s2,当り,12:16,302,12:48,1681,1379,32
2026/08/31,0038,2,s2,当り,14:00,991,14:00,991,0,0
2026/08/31,0038,2,s2,当り,14:24,345,14:25,345,0,1
2026/08/31,0038,2,s2,当り,15:10,-1511,15:30,-1067,444,20
2026/08/31,0038,2,s2,当り,17:51,-1067,17:52,-1067,0,1
2026/08/31,0038,2,s2,当り,18:50,-2800,18:51,-2844,-44,1
2026/08/31,0038,2,s2,当り,19:06,-3200,19:06,-3200,0,0
2026/08/31,0039,3,s3,当り,14:54,-4851,15:10,-3574,1277,16
2026/08/31,0039,3,s3,当り,19:12,-16468,19:12,-16468,0,0
2026/08/31,0039,3,s3,当り,22:21,-25787,22:21,-25787,0,0
2026/08/31,0040,4,s3,当り,14:32,-3333,14:46,-2133,1200,14
2026/08/31,0040,4,s3,当り,15:21,-3022,15:22,-3022,0,1
2026/08/31,0040,4,s3,大当り,17:26,-5556,18:21,-3022,2534,55
2026/08/31,0040,4,s3,大当り,18:55,-2089,19:31,0,2089,36
2026/08/31,0041,5,s3,大当り,11:00,259,11:30,4741,4482,30
2026/08/31,0041,5,s3,大当り,11:44,4483,12:08,8017,3534,24
2026/08/31,0041,5,s3,大当り,12:27,7586,12:50,11379,3793,23
2026/08/31,0041,5,s3,大当り,15:29,5000,15:49,9052,4052,20
2026/08/31,0041,5,s3,大当り,16:05,8534,16:48,19052,10518,43
2026/08/31,0041,5,s3,当り,17:02,18190,17:24,18534,344,22
2026/08/31,0042,6,s3,大当り,13:20,-1600,13:49,3750,5350,29
2026/08/31,0043,7,s3,大当り,10:37,172,11:09,4181,4009,32
2026/08/31,0043,7,s3,大当り,14:37,-1022,15:09,3922,4944,32
2026/08/31,0043,7,s3,当り,15:51,2414,16:11,2931,517,20
2026/08/31,0043,7,s3,当り,18:44,819,18:45,862,43,1
2026/08/31,0044,8,s3,大当り,12:28,-178,13:05,5345,5523,37
2026/08/31,0044,8,s3,大当り,14:46,3793,15:10,7241,3448,24
2026/08/31,0044,8,s3,大当り,16:02,4914,16:48,17845,12931,46
2026/08/31,0045,9,s3,大当り,11:27,-4444,11:47,-978,3466,20
2026/08/31,0046,1,s3,大当り,12:53,-2978,13:22,3147,6125,29
2026/08/31,0046,1,s3,大当り,13:23,3707,13:49,6121,2414,26
2026/08/31,0046,1,s3,大当り,14:21,5603,14:46,7759,2156,25
2026/08/31,0046,1,s3,当り,15:45,4052,16:10,5000,948,25
2026/08/31,0046,1,s3,大当り,16:23,4871,16:48,7328,2457,25
2026/08/31,0046,1,s3,大当り,17:46,5086,18:08,8922,3836,22
2026/08/31,0046,1,s3,大当り,18:55,7328,19:17,8836,1508,22
2026/08/31,0046,1,s3,当り,19:18,8836,19:38,9353,517,20
2026/08/31,0046,1,s3,当り,19:40,9397,19:40,9397,0,0
2026/08/31,0047,2,s3,大当り,11:28,-1169,11:47,2308,3477,19
2026/08/31,0047,2,s3,大当り,11:48,2564,12:08,4359,1795,20
2026/08/31,0047,2,s3,大当り,14:34,1667,16:04,22179,20512,90
2026/08/31,0047,2,s3,大当り,17:04,24872,17:30,26795,1923,26
2026/08/31,0047,2,s3,大当り,22:02,23077,22:30,28718,5641,28
2026/08/31,0048,3,s3,大当り,11:22,-3574,11:49,1612,5186,27
2026/08/31,0049,4,s3,大当り,16:00,-2170,16:30,2727,4897,30
2026/08/31,0049,4,s3,大当り,16:32,2851,17:14,11281,8430,42
2026/08/31,0049,4,s3,大当り,17:15,11281,17:37,14628,3347,22
2026/08/31,0049,4,s3,大当り,17:39,14876,18:13,23058,8182,34
2026/08/31,0049,4,s3,大当り,18:15,23554,18:28,25909,2355,13
2026/08/31,0050,5,s3,大当り,10:31,1250,10:57,3664,2414,26
2026/08/31,0050,5,s3,大当り,11:59,3017,12:29,5647,2630,30
2026/08/31,0050,5,s3,大当り,15:01,1034,15:52,6940,5906,51
2026/08/31,0050,5,s3,大当り,15:53,6940,16:38,8534,1594,45
2026/08/31,0050,5,s3,当り,16:39,8534,16:40,8621,87,1
2026/08/31,0051,6,s3,大当り,14:46,-6383,15:33,-3702,2681,47
2026/08/31,0051,6,s3,大当り,15:34,-3702,16:29,4835,8537,55
2026/08/31,0051,6,s3,大当り,16:34,5826,17:07,13264,7438,33
2026/08/31,0051,6,s3,大当り,18:08,9545,18:26,12521,2976,18
2026/08/31,0051,6,s3,大当り,19:18,12645,19:57,19091,6446,39
2026/08/31,0051,6,s3,当り,19:58,19091,19:59,19215,124,1
2026/08/31,0051,6,s3,大当り,20:23,19339,20:46,21446,2107,23
2026/08/31,0052,7,s3,当り,13:21,-1244,13:22,-1244,0,1
2026/08/31,0053,8,s3,大当り,11:27,-711,11:49,4052,4763,22
2026/08/31,0053,8,s3,大当り,12:55,3793,13:47,11552,7759,52
2026/08/31,0053,8,s3,当り,15:38,6897,15:47,7500,603,9
2026/08/31,0053,8,s3,大当り,18:32,1983,18:49,4224,2241,17
2026/08/31,0054,9,s3,大当り,11:15,1736,11:49,6198,4462,34
2026/08/31,0054,9,s3,当り,19:35,-23362,19:36,-23362,0,1
2026/08/31,0054,9,s3,大当り,20:08,-24128,20:42,-18000,6128,34
2026/08/31,0054,9,s3,当り,21:27,-20936,21:50,-19787,1149,23
2026/08/31,0054,9,s3,当り,21:52,-19532,22:07,-18255,1277,15
2026/08/31,0055,1,s3,当り,14:55,-8356,14:55,-8356,0,0
2026/08/31,0055,1,s3,大当り,15:03,-8133,15:47,2672,10805,44
2026/08/31,0055,1,s3,大当り,18:23,-3422,18:47,-1511,1911,24
2026/08/31,0055,1,s3,当り,19:14,-2178,19:27,-1467,711,13
2026/08/31,0055,1,s3,大当り,19:29,-1244,19:53,948,2192,24
2026/08/31,0055,1,s3,当り,19:54,948,20:07,1552,604,13
2026/08/31,0056,2,s3,当たりなし,10:00,0,22:30,-16711,-16711,750
2026/08/31,0057,3,s3,大当り,14:00,-9511,14:27,-4933,4578,27
2026/08/31,0057,3,s3,当り,14:51,-5511,15:03,-4311,1200,12
2026/08/31,0057,3,s3,大当り,15:04,-4089,15:33,905,4994,29
2026/08/31,0057,3,s3,当り,15:35,1121,15:47,2069,948,12
2026/08/31,0057,3,s3,大当り,18:01,-6622,18:36,-2978,3644,35
2026/08/31,0057,3,s3,当り,18:37,-2933,18:38,-2933,0,1
2026/08/31,0057,3,s3,大当り,20:06,-711,20:31,1466,2177,25
2026/08/31,0057,3,s3,当り,20:33,1681,20:46,2845,1164,13
2026/08/31,0058,4,s4,大当り,10:51,-1915,11:09,-383,1532,18
2026/08/31,0058,4,s4,当り,16:48,-14426,17:05,-13787,639,17
2026/08/31,0058,4,s4,当り,17:53,-15064,18:04,-14681,383,11
2026/08/31,0059,5,s4,大当り,12:51,0,13:20,6379,6379,29
2026/08/31,0059,5,s4,大当り,13:22,6724,13:49,10345,3621,27
2026/08/31,0059,5,s4,大当り,15:03,7414,15:26,9138,1724,23
2026/08/31,0059,5,s4,当り,16:17,7845,16:25,8190,345,8
2026/08/31,0060,6,s4,当り,11:35,-2578,11:35,-2578,0,0
2026/08/31,0060,6,s4,大当り,17:01,-14667,17:47,-10133,4534,46
2026/08/31,0060,6,s4,大当り,18:11,-9600,18:28,-7200,2400,17
2026/08/31,0061,7,s4,大当り,13:22,-383,13:50,6322,6705,28
2026/08/31,0061,7,s4,当り,14:18,6074,14:19,6074,0,1
2026/08/31,0061,7,s4,大当り,16:31,1240,16:55,5579,4339,24
2026/08/31,0061,7,s4,大当り,16:57,5702,17:39,18843,13141,42
2026/08/31,0061,7,s4,大当り,17:41,19463,18:36,21322,1859,55
2026/08/31,0061,7,s4,大当り,19:19,21942,19:48,27149,5207,29
2026/08/31,0061,7,s4,当り,21:07,22810,21:07,22810,0,0
2026/08/31,0062,8,s4,大当り,16:30,-16000,17:05,-10844,5156,35
2026/08/31,0062,8,s4,当り,18:19,-13956,18:19,-13956,0,0
2026/08/31,0063,9,s4,大当り,16:15,-7022,16:51,-1733,5289,36
2026/08/31,0063,9,s4,大当り,16:53,-1333,17:07,733,2066,14
2026/08/31,0064,1,s4,大当り,11:08,-933,12:02,8836,9769,54
2026/08/31,0064,1,s4,当り,18:52,-2800,19:06,-2133,667,14
2026/08/31,0065,2,s4,大当り,11:28,0,11:47,2457,2457,19
2026/08/31,0065,2,s4,大当り,13:53,-622,14:46,7586,8208,53
2026/08/31,0065,2,s4,当り,15:14,6853,15:26,7328,475,12
2026/08/31,0065,2,s4,大当り,16:12,5302,16:29,6853,1551,17
2026/08/31,0065,2,s4,当り,19:16,4440,19:29,5517,1077,13
2026/08/31,0066,3,s4,当たりなし,10:00,0,22:30,-17778,-17778,750
2026/08/31,0067,4,s4,大当り,11:38,-1333,12:27,4310,5643,49
2026/08/31,0067,4,s4,大当り,17:17,-4711,18:11,-578,4133,54
2026/08/31,0067,4,s4,当り,19:05,2888,19:27,4138,1250,22
2026/08/31,0068,5,s4,大当り,10:36,496,10:59,4463,3967,23
2026/08/31,0068,5,s4,大当り,11:01,4463,11:30,9545,5082,29
2026/08/31,0068,5,s4,大当り,12:07,8554,12:29,11529,2975,22
2026/08/31,0068,5,s4,大当り,12:52,11281,13:09,13884,2603,17
2026/08/31,0068,5,s4,大当り,16:50,8926,17:24,12149,3223,34
2026/08/31,0068,5,s4,大当り,19:29,12645,20:29,25289,12644,60
2026/08/31,0069,6,s4,大当り,13:22,-44,13:49,3836,3880,27
2026/08/31,0069,6,s4,当り,21:19,-5689,21:47,-4489,1200,28
2026/08/31,0070,7,s4,当り,11:39,-1022,12:02,-44,978,23
2026/08/31,0070,7,s4,大当り,12:27,-1867,12:50,2112,3979,23
2026/08/31,0070,7,s4,当り,16:12,-6400,16:13,-6400,0,1
2026/08/31,0070,7,s4,大当り,17:57,-7778,18:28,-4044,3734,31
2026/08/31,0071,8,s4,当り,10:47,172,10:59,517,345,12
2026/08/31,0071,8,s4,大当り,11:23,86,12:06,6983,6897,43
2026/08/31,0071,8,s4,大当り,15:00,2414,15:47,10603,8189,47
2026/08/31,0071,8,s4,大当り,18:20,8879,18:49,13707,4828,29
2026/08/31,0071,8,s4,大当り,19:56,11121,20:25,14138,3017,29
2026/08/31,0072,9,s4,大当り,13:37,1154,14:02,2949,1795,25
2026/08/31,0072,9,s4,大当り,14:03,3205,15:20,23077,19872,77
2026/08/31,0072,9,s4,大当り,16:13,21667,17:07,31795,10128,54
2026/08/31,0072,9,s4,当り,19:08,31282,19:27,32179,897,19
2026/08/31,0073,1,s4,当り,12:24,-2756,12:32,-1600,1156,8
2026/08/31,0073,1,s4,大当り,12:33,-1600,13:12,1207,2807,39
2026/08/31,0073,1,s4,当り,13:14,1207,13:31,2586,1379,17
2026/08/31,0073,1,s4,大当り,13:33,2931,14:25,9828,6897,52
2026/08/31,0073,1,s4,大当り,16:03,5172,16:44,10603,5431,41
2026/08/31,0074,2,s4,当り,12:38,-4267,12:38,-4267,0,0
2026/08/31,0074,2,s4,当り,13:34,-6578,13:45,-6222,356,11
2026/08/31,0074,2,s4,大当り,17:02,-14667,18:04,-3911,10756,62
2026/08/31,0074,2,s4,大当り,20:29,-5067,21:05,5086,10153,36
2026/08/31,0074,2,s4,大当り,21:07,5517,21:30,8966,3449,23
2026/08/31,0075,3,s4,大当り,12:54,-2222,13:07,-444,1778,13
2026/08/31,0075,3,s4,大当り,15:12,-7689,15:56,-3156,4533,44
2026/08/31,0075,3,s4,大当り,15:57,-3156,16:27,-1156,2000,30
2026/08/31,0075,3,s4,大当り,17:03,-3956,17:30,862,4818,27
2026/08/31,0075,3,s4,当り,18:03,-1733,18:04,-1733,0,1
2026/08/31,0075,3,s4,当り,19:38,-5156,19:48,-4800,356,10
2026/08/31,0076,4,s4,当たりなし,10:00,0,22:30,-7022,-7022,750
2026/08/31,0077,5,s4,大当り,11:09,-1299,12:04,11538,12837,55
2026/08/31,0077,5,s4,当り,13:05,7949,13:31,8718,769,26
2026/08/31,0077,5,s4,当り,13:32,8718,13:49,10128,1410,17
2026/08/31,0077,5,s4,大当り,14:44,7949,15:49,25513,17564,65
2026/08/31,0077,5,s4,大当り,16:14,25641,16:48,31923,6282,34
2026/08/31,0118,1,s7,当り,20:05,-12711,20:05,-12711,0,0
2026/08/31,0119,2,s7,大当り,13:32,647,13:50,3190,2543,18
2026/08/31,0120,3,s7,当り,19:02,-2933,19:02,-2933,0,0
2026/08/31,0121,4,s7,大当り,11:37,1595,12:08,5776,4181,31
2026/08/31,0148,4,s8,当り,19:22,-2222,19:23,-2222,0,1
2026/08/31,0148,4,s8,当り,21:13,-6489,21:13,-6489,0,0
2026/08/31,0149,5,s8,当り,15:18,-8178,15:18,-8178,0,0
2026/08/31,0149,5,s8,当り,20:52,-16178,21:07,-15822,356,15
2026/08/31,0150,6,s8,当り,19:37,-3422,19:38,-3378,44,1
2026/08/31,0150,6,s8,当り,20:32,-3911,20:33,-3911,0,1
2026/08/31,0151,7,s8,当り,16:59,-1289,16:59,-1289,0,0
2026/08/31,0151,7,s8,当り,19:39,-3644,19:40,-3556,88,1
2026/08/31,0152,8,s8,当り,11:48,-1660,12:02,-1277,383,14
2026/08/31,0152,8,s8,当り,13:41,-7660,13:41,-7660,0,0
2026/08/31,0152,8,s8,当り,19:51,-18383,19:51,-18383,0,0
2026/08/31,0153,9,s8,当り,12:38,-4723,12:38,-4723,0,0
2026/08/31,0153,9,s8,当り,13:11,-5362,13:16,-4596,766,5
2026/08/31,0153,9,s8,当り,13:17,-4596,13:22,-3830,766,5
2026/08/31,0153,9,s8,大当り,13:23,-3574,14:17,7066,10640,54
2026/08/31,0153,9,s8,大当り,14:23,7190,15:10,24793,17603,47
2026/08/31,0154,1,s9,当たりなし,10:00,0,22:30,-4267,-4267,750
2026/08/31,0155,2,s9,当り,16:38,129,16:38,129,0,0
2026/08/31,0156,3,s9,当り,13:32,-3111,13:33,-3200,-89,1
2026/08/31,0156,3,s9,当り,18:24,-10489,18:25,-10489,0,1
2026/08/31,0156,3,s9,大当り,19:03,-12800,19:31,1207,14007,28
2026/08/31,0157,4,s9,当たりなし,10:00,0,22:30,-2133,-2133,750
2026/08/31,0158,5,s9,当たりなし,10:00,0,22:30,-978,-978,750
2026/08/31,0159,6,s9,当り,15:51,-3200,15:52,-3111,89,1
2026/08/31,0159,6,s9,当り,15:58,-2933,16:08,-2578,355,10
2026/08/31,1015,7,sl2,当たりなし,10:00,0,22:30,-124,-124,750
2026/08/31,1016,8,sl2,当たりなし,10:00,0,22:30,-36,-36,750
2026/08/31,1017,9,sl2,当り,18:57,-311,18:57,-311,0,0
2026/08/31,1017,9,sl2,当り,19:02,-293,19:02,-293,0,0
2026/08/31,1018,1,sl2,当たりなし,10:00,0,22:30,-89,-89,750
2026/08/31,1173,3,sl1,当り,12:39,-818,12:40,-800,18,1
2026/08/31,1173,3,sl1,当り,14:00,-889,14:00,-889,0,0
2026/08/31,1173,3,sl1,当り,14:10,-782,14:19,-444,338,9
2026/08/31,1173,3,sl1,当り,14:20,-391,14:21,-391,0,1
2026/08/31,1173,3,sl1,当り,17:15,-2258,17:16,-2258,0,1
2026/08/31,1173,3,sl1,当り,17:55,-2702,17:56,-2702,0,1
2026/08/31,1174,4,sl1,当り,10:51,191,10:51,191,0,0
2026/08/31,1174,4,sl1,当り,11:34,-390,11:35,-368,22,1
2026/08/31,1174,4,sl1,当り,12:50,-1560,12:50,-1560,0,0
2026/08/31,1174,4,sl1,当り,13:03,-1516,13:28,-542,974,25
2026/08/31,1174,4,sl1,当り,14:48,-2166,14:48,-2166,0,0
2026/08/31,1174,4,sl1,当り,16:26,-2253,16:27,-2253,0,1
2026/08/31,1174,4,sl1,当り,18:28,-2404,18:28,-2404,0,0
2026/08/31,1174,4,sl1,当り,20:10,-3704,20:10,-3704,0,0
2026/08/31,1174,4,sl1,当り,20:18,-3552,20:18,-3552,0,0
2026/08/31,1174,4,sl1,当り,20:34,-3401,20:35,-3401,0,1
2026/08/31,1175,5,sl1,当り,13:00,-418,13:01,-418,0,1
2026/08/31,1175,5,sl1,当り,13:24,-676,13:24,-676,0,0
2026/08/31,1175,5,sl1,当り,20:08,-960,20:08,-960,0,0
2026/08/31,1176,6,sl1,当り,11:31,-276,11:31,-276,0,0
2026/08/31,1176,6,sl1,当り,12:09,-524,12:29,-36,488,20
2026/08/31,1176,6,sl1,当り,15:30,-1422,15:30,-1422,0,0
2026/08/31,1177,7,sl1,当り,15:09,-1102,15:09,-1102,0,0
2026/08/31,1177,7,sl1,当り,15:16,-942,15:16,-942,0,0
2026/08/31,1177,7,sl1,当り,15:25,-747,15:37,-409,338,12
2026/08/31,1177,7,sl1,当り,15:39,-356,15:39,-356,0,0
2026/08/31,1177,7,sl1,当り,16:48,-1476,17:05,-996,480,17
2026/08/31,1177,7,sl1,当り,17:07,-996,17:07,-996,0,0
2026/08/31,1177,7,sl1,当り,19:41,-853,19:42,-853,0,1
2026/08/31,1177,7,sl1,当り,21:18,-1689,21:18,-1689,0,0
2026/08/31,1178,8,sl1,当り,13:30,-1369,13:30,-1369,0,0
2026/08/31,1178,8,sl1,当り,15:06,-1991,15:07,-1991,0,1
2026/08/31,1179,9,sl1,当り,11:13,-196,11:14,-213,-17,1
2026/08/31,1179,9,sl1,当り,11:28,-249,11:28,-249,0,0
2026/08/31,1179,9,sl1,当り,12:54,-747,12:55,-747,0,1
2026/08/31,1179,9,sl1,当り,13:50,-1778,13:50,-1778,0,0
2026/08/31,1179,9,sl1,当り,14:01,-1671,14:02,-1671,0,1
2026/08/31,1179,9,sl1,当り,14:38,-1387,14:38,-1387,0,0
2026/08/31,1179,9,sl1,当り,14:59,-1440,14:59,-1440,0,0
2026/08/31,1179,9,sl1,当り,15:46,-2204,15:47,-2204,0,1
2026/08/31,1179,9,sl1,当り,15:54,-2044,15:54,-2044,0,0
2026/08/31,1179,9,sl1,当り,18:36,-3289,19:12,-2453,836,36
2026/08/31,1179,9,sl1,当り,19:40,-2560,19:40,-2560,0,0
2026/08/31,1180,1,sl1,大当り,15:28,-325,16:23,2106,2431,55
2026/08/31,1180,1,sl1,当り,16:32,2404,16:32,2404,0,0
2026/08/31,1180,1,sl1,大当り,16:37,2553,17:31,5319,2766,54
2026/08/31,1180,1,sl1,当り,21:03,4787,21:03,4787,0,0
