date,machine,status,n_observations,n_fft,regime,long_k,long_frequency,long_period,long_rank,long_relative_power,mid_k,mid_frequency,mid_period,mid_rank,mid_relative_power,short_k,short_frequency,short_period,short_rank,short_relative_power,long_phase,long_wave_value,long_amplitude,long_x,long_y,long_region,long_top_side,mid_phase,mid_wave_value,mid_amplitude,mid_x,mid_y,mid_region,mid_top_side,short_phase,short_wave_value,short_amplitude,short_x,short_y,short_region,short_top_side,top_wave_count,top_wave_pattern,centroid_x,centroid_y,centroid_y_offset,centroid_region,phase_alignment_score,alignment_threshold_asof,high_alignment_asof,max_pair_distance,convergence_score,convergence_threshold_asof,phase_convergence_asof,bullish,next_day_bullish
2026-06-27,077,INSUFFICIENT_HISTORY,1,,INSUFFICIENT_HISTORY,,,,,,,,,,,,,,,,,,,,,,,,,,,,,,,,,,,,,,,,,,,,,,,,,,False,False
2026-06-28,077,INSUFFICIENT_HISTORY,2,,INSUFFICIENT_HISTORY,,,,,,,,,,,,,,,,,,,,,,,,,,,,,,,,,,,,,,,,,,,,,,,,,,False,True
2026-06-29,077,INSUFFICIENT_HISTORY,3,,INSUFFICIENT_HISTORY,,,,,,,,,,,,,,,,,,,,,,,,,,,,,,,,,,,,,,,,,,,,,,,,,,True,True
2026-06-30,077,INSUFFICIENT_HISTORY,4,,INSUFFICIENT_HISTORY,,,,,,,,,,,,,,,,,,,,,,,,,,,,,,,,,,,,,,,,,,,,,,,,,,True,False
2026-07-01,077,INSUFFICIENT_HISTORY,5,,INSUFFICIENT_HISTORY,,,,,,,,,,,,,,,,,,,,,,,,,,,,,,,,,,,,,,,,,,,,,,,,,,False,False
2026-07-02,077,INSUFFICIENT_HISTORY,6,,INSUFFICIENT_HISTORY,,,,,,,,,,,,,,,,,,,,,,,,,,,,,,,,,,,,,,,,,,,,,,,,,,False,False
2026-07-03,077,INSUFFICIENT_HISTORY,7,,INSUFFICIENT_HISTORY,,,,,,,,,,,,,,,,,,,,,,,,,,,,,,,,,,,,,,,,,,,,,,,,,,False,True
2026-07-04,077,INSUFFICIENT_HISTORY,8,,INSUFFICIENT_HISTORY,,,,,,,,,,,,,,,,,,,,,,,,,,,,,,,,,,,,,,,,,,,,,,,,,,True,False
2026-07-05,077,INSUFFICIENT_HISTORY,9,,INSUFFICIENT_HISTORY,,,,,,,,,,,,,,,,,,,,,,,,,,,,,,,,,,,,,,,,,,,,,,,,,,False,True
2026-07-06,077,INSUFFICIENT_HISTORY,10,,INSUFFICIENT_HISTORY,,,,,,,,,,,,,,,,,,,,,,,,,,,,,,,,,,,,,,,,,,,,,,,,,,True,True
2026-07-07,077,INSUFFICIENT_HISTORY,11,,INSUFFICIENT_HISTORY,,,,,,,,,,,,,,,,,,,,,,,,,,,,,,,,,,,,,,,,,,,,,,,,,,True,False
2026-07-08,077,INSUFFICIENT_HISTORY,12,,INSUFFICIENT_HISTORY,,,,,,,,,,,,,,,,,,,,,,,,,,,,,,,,,,,,,,,,,,,,,,,,,,False,True
2026-07-09,077,INSUFFICIENT_HISTORY,13,,INSUFFICIENT_HISTORY,,,,,,,,,,,,,,,,,,,,,,,,,,,,,,,,,,,,,,,,,,,,,,,,,,True,False
2026-07-10,077,INSUFFICIENT_HISTORY,14,,INSUFFICIENT_HISTORY,,,,,,,,,,,,,,,,,,,,,,,,,,,,,,,,,,,,,,,,,,,,,,,,,,False,True
2026-07-11,077,INSUFFICIENT_HISTORY,15,,INSUFFICIENT_HISTORY,,,,,,,,,,,,,,,,,,,,,,,,,,,,,,,,,,,,,,,,,,,,,,,,,,True,False
2026-07-12,077,INSUFFICIENT_HISTORY,16,,INSUFFICIENT_HISTORY,,,,,,,,,,,,,,,,,,,,,,,,,,,,,,,,,,,,,,,,,,,,,,,,,,False,False
2026-07-13,077,INSUFFICIENT_HISTORY,17,,INSUFFICIENT_HISTORY,,,,,,,,,,,,,,,,,,,,,,,,,,,,,,,,,,,,,,,,,,,,,,,,,,False,True
2026-07-14,077,INSUFFICIENT_HISTORY,18,,INSUFFICIENT_HISTORY,,,,,,,,,,,,,,,,,,,,,,,,,,,,,,,,,,,,,,,,,,,,,,,,,,True,False
2026-07-15,077,INSUFFICIENT_HISTORY,19,,INSUFFICIENT_HISTORY,,,,,,,,,,,,,,,,,,,,,,,,,,,,,,,,,,,,,,,,,,,,,,,,,,False,False
2026-07-16,077,INSUFFICIENT_HISTORY,20,,INSUFFICIENT_HISTORY,,,,,,,,,,,,,,,,,,,,,,,,,,,,,,,,,,,,,,,,,,,,,,,,,,False,False
2026-07-17,077,VALID,21,32,TRANSITION,7,0.21875,4.571428571428571,2,0.13535995512906934,11,0.34375,2.909090909090909,3,0.10322908047726245,13,0.40625,2.4615384615384617,1,0.2845969130562679,275.66600653391106,-1264.1536693416,8830.463938924993,225.5249872131692,197.3889710781997,LEFT,False,67.70266048879466,-3350.3945599270337,7711.510422469469,360.9343414969677,214.98768943183757,RIGHT,False,171.95868240268283,7635.686607829227,12804.231365970689,315.3435749078176,81.39312842272274,TOP,True,1,SHORT,300.6009678726515,164.58992964425332,-25.410070355746683,TOP,0.17226256078478053,,,146.70519489375764,0.33315820502837434,,,False,False
2026-07-18,077,VALID,22,32,UNSTABLE,11,0.34375,2.909090909090909,2,0.12285167664470278,13,0.40625,2.4615384615384617,1,0.2981743921383077,16,0.5,2.0,3,0.10592624847529093,54.627230140220945,-7621.3047795340635,8450.567389635673,348.4964211663579,224.42993581885975,RIGHT,False,308.12811121189225,-5217.565351053899,13165.29202148778,254.18457529555903,225.9601944132837,LEFT,False,4.547473508864641e-13,-7846.88198757764,7846.88198757764,300.00000000000034,236.0,BOTTOM,False,0,NONE,300.8936654873058,228.79671007738114,38.796710077381135,BOTTOM,0.7321680150032989,,,94.32425967333711,0.571253365121195,,,False,True
2026-07-19,077,VALID,23,32,TRANSITION,11,0.34375,2.909090909090909,3,0.11471924144509393,13,0.40625,2.4615384615384617,1,0.3169042276136986,16,0.5,2.0,2,0.1214684216328774,199.70801572554092,12428.548030457208,7943.090928878872,263.5371493193632,88.2080815811135,TOP,True,180.0,8173.406427221172,13201.868947851743,300.0,80.0,TOP,True,76.10336113499125,-1907.7008623332683,8173.406427221172,368.25645899709895,206.8875165822523,RIGHT,False,2,LONG+MID,310.59786943882074,125.03186605445528,-64.96813394554472,TOP,0.6051249763367721,,,158.2748941290786,0.2805686630496427,,,True,True
2026-07-20,077,VALID,24,32,UNSTABLE,6,0.1875,5.333333333333333,3,0.11141384966707518,11,0.34375,2.909090909090909,2,0.1487518718074771,13,0.40625,2.4615384615384617,1,0.23998379287369387,344.1692735363804,-10906.784027988124,7724.454966375131,287.1202805819301,235.42297226500347,BOTTOM,False,196.02573506409408,8578.574546928776,8925.436713735162,269.97571704688255,85.47010468135511,TOP,True,143.37906877631508,6199.644539512601,11336.766762504458,361.8489000298839,106.783914199256,TOP,True,2,MID+SHORT,306.3149658862322,142.5589970485382,-47.4410029514618,TOP,0.2676935372003308,,,150.92978021373534,0.3139555444830212,,,True,False
2026-07-21,077,VALID,25,32,STABLE,6,0.1875,5.333333333333333,3,0.11197148137043032,11,0.34375,2.909090909090909,2,0.14794849521441986,13,0.40625,2.4615384615384617,1,0.2406524873697611,130.51818507609596,7082.676756002901,7436.185269206085,375.10018343506147,125.81714940253097,RIGHT,True,319.65893806120266,-6515.133693610253,8547.74909493316,265.2966610108378,230.8613715748376,BOTTOM,False,210.76826269631488,6389.493085123093,10901.635746536242,246.03183683480492,99.35344025764755,TOP,True,2,LONG+SHORT,295.47622709356807,152.01065374500538,-37.989346254994615,TOP,0.2821676659518503,0.6305335840700774,False,151.9575669341672,0.30928378666287637,0.3807772370469385,False,False,True
2026-07-22,077,VALID,26,32,STABLE,6,0.1875,5.333333333333333,3,0.10492530626881322,11,0.34375,2.909090909090909,2,0.14520905180803328,13,0.40625,2.4615384615384617,1,0.23422791656170686,272.3334880502466,-424.26322193777224,6974.18235639846,223.36650498731055,193.12278291713784,LEFT,False,88.65927822066033,-191.96692943840705,8204.460355971889,377.2301191287063,191.80751543380708,RIGHT,False,272.45882800249615,-299.2026973486797,10420.114802059534,223.44339715141479,193.287417743566,LEFT,False,0,NONE,274.6800070891439,192.7392386981703,2.739238698170311,LEFT,0.33474735199671907,0.6051249763367721,False,153.86923566848904,0.30059438332504984,0.33315820502837434,False,True,False
2026-07-23,077,VALID,27,32,TRANSITION,6,0.1875,5.333333333333333,2,0.13926856827688855,11,0.34375,2.909090909090909,3,0.10948937098265597,13,0.40625,2.4615384615384617,1,0.2543835877678387,53.360203494551115,-6345.108564990752,7866.926576529111,347.2639247795322,225.15224983897315,RIGHT,False,341.38322315545634,-7455.289443046321,6975.326193774155,284.7805762315342,235.17983657813645,BOTTOM,False,218.25398759861446,5477.541199858937,10632.19872813678,236.14797046214147,109.01568009360362,TOP,True,1,SHORT,289.3974904910693,189.7825888369044,-0.2174111630955906,LEFT,0.2570885576755376,0.5510494514687617,False,160.73101174348884,0.2694044920750508,0.32931767291930375,False,False,False
2026-07-24,077,VALID,28,32,STABLE,6,0.1875,5.333333333333333,2,0.1352097833166348,11,0.34375,2.909090909090909,3,0.1035973957504009,13,0.40625,2.4615384615384617,1,0.2633294190897913,199.21121067019612,9853.359299440548,7476.9276184706805,264.39071863556114,87.80845838821948,TOP,True,50.16770338866695,-4789.291146629335,6544.757162973321,344.15757177702557,226.8328909072834,RIGHT,False,341.4855816357308,-6206.025246007682,10434.431889374699,284.8670937266258,235.18969425095378,BOTTOM,False,1,LONG,297.80512804640415,183.27701451548555,-6.722985484514453,TOP,0.21859850363786296,0.496973926600751,False,160.28269930762866,0.27144227587441516,0.3254771408102331,False,False,False
2026-07-25,077,VALID,29,32,STABLE,6,0.1875,5.333333333333333,2,0.11494360098597003,11,0.34375,2.909090909090909,3,0.09374929273706051,13,0.40625,2.4615384615384617,1,0.30612035142199984,346.7710926455193,-10713.487388968422,6743.843094064113,289.27894136185057,235.60595614347858,BOTTOM,False,110.1974409649738,2328.354194325774,6090.445451779137,383.57248859681147,159.25554917669868,RIGHT,True,96.77983142574385,719.0040610754654,11005.535004374824,381.20588026707446,180.3457753826073,RIGHT,True,2,MID+SHORT,351.3524367419122,191.73576023426153,1.7357602342615337,RIGHT,0.5924856388314022,0.5975413738335501,False,121.32871751627772,0.4485058294714649,0.3792972548056106,True,False,False
2026-07-26,077,VALID,30,32,TRANSITION,6,0.1875,5.333333333333333,2,0.1002648510755783,13,0.40625,2.4615384615384617,1,0.28736293549655606,14,0.4375,2.2857142857142856,3,0.09187787660106231,131.41671246666192,6840.55812293728,6108.021501050291,374.3686173997378,124.39668144502336,RIGHT,True,177.70990761293592,6103.143145118548,10340.50089036818,304.394469921864,80.11339217818808,TOP,True,62.56550786164371,-2693.903878734033,5846.980903645797,356.14256499121046,219.14443392328542,RIGHT,False,2,LONG+MID,344.9685507709374,141.2181691821656,-48.78183081783439,TOP,0.6874846986362612,0.62159692079667,True,148.34923630417893,0.32568528952645937,0.3562277299169925,False,False,False
2026-07-27,077,VALID,31,32,TRANSITION,6,0.1875,5.333333333333333,2,0.09711331245019764,11,0.34375,2.909090909090909,3,0.09431923631515031,13,0.40625,2.4615384615384617,1,0.29043072065822095,279.5953556515069,-1676.1988028974486,5814.831789085789,228.35067161343082,202.11260289762077,LEFT,False,248.1387844866481,2165.208607939162,5730.5711623450925,216.55044885889913,156.51909474759796,LEFT,True,348.09520440855977,-5607.31644823403,10055.856063569527,290.36886063440545,235.68408072479787,BOTTOM,False,1,MID,245.08999370224512,198.1052594566722,8.1052594566722,LEFT,0.7522766300377487,0.6874846986362612,True,108.24164134855157,0.5079925393247656,0.4485058294714649,True,False,True
2026-07-28,077,VALID,32,32,TRANSITION,6,0.1875,5.333333333333333,3,0.08211620325945847,11,0.34375,2.909090909090909,2,0.10115229978616914,13,0.40625,2.4615384615384617,1,0.2755310843454055,68.72639475138203,-3466.9675623101307,5216.573290315783,361.86580096478997,214.08764144901437,RIGHT,False,116.51826420341604,2585.019111993545,5789.73603015211,382.57808682365425,148.79521241893326,RIGHT,True,312.2591628506998,-3508.0682069193977,9555.560874570167,258.1982026868394,227.98228174367927,LEFT,False,1,MID,334.2140301584279,196.95504520387564,6.955045203875642,RIGHT,0.4119442915173685,0.6710127541763634,False,147.4481180826992,0.32978128144227636,0.42543630458284687,False,True,False
2026-07-29,077,VALID,33,64,UNSTABLE,13,0.203125,4.923076923076923,3,0.07582802178966788,25,0.390625,2.56,2,0.12109867382627373,26,0.40625,2.4615384615384617,1,0.13755436116577194,214.7490144256335,7654.568602866886,6916.84394144315,240.5547926949118,104.30694038815899,TOP,True,100.08242352438447,1530.2465267428224,8741.033962523412,382.3109979497966,175.36422823412536,RIGHT,True,149.00357726607535,5929.114860178151,9316.01751160173,354.2950188230827,99.62513346664102,TOP,True,3,LONG+MID+SHORT,325.72026982259706,126.43210069630845,-63.56789930369155,TOP,0.6913033088455555,0.6897758647618377,True,158.5684706500304,0.27923422431804357,0.40236677969422885,False,False,True
2026-07-30,077,VALID,34,64,TRANSITION,13,0.203125,4.923076923076923,3,0.08271477849684392,25,0.390625,2.56,1,0.1267862993132561,26,0.40625,2.4615384615384617,2,0.12116409925550244,237.6207609906578,4676.038790667675,7052.728055068092,219.65498992528165,139.05233453068163,LEFT,True,1.038349255470166,-8534.562052829611,8731.759102043927,300.83368980438365,235.9977001962546,BOTTOM,False,219.1370586678072,5470.366184646067,8535.963743964727,235.10204805258343,110.2485365224167,TOP,True,2,LONG+SHORT,251.86357592741624,161.766190416451,-28.233809583549004,LEFT,0.49681831310213437,0.6890121427199789,False,141.89256813539137,0.3550337812027665,0.3924226005102459,False,True,False
2026-07-31,077,VALID,35,64,STABLE,13,0.203125,4.923076923076923,3,0.08523216570739824,25,0.390625,2.56,1,0.1329220959739638,26,0.40625,2.4615384615384617,2,0.11497813360891346,17.785039585926825,-8286.1089732041,6968.213490107787,314.51766905511596,235.25784171942215,BOTTOM,False,146.4730149317311,6746.809531670334,8701.983921102505,357.815673912167,102.73936714358626,TOP,True,293.9225787524483,-2825.6233822305144,8093.3312039832435,240.56199065768365,216.36732769709604,LEFT,False,1,MID,304.29844454165556,184.78817885336812,-5.211821146631877,TOP,0.17570083201017625,0.68824842067812,False,163.27810525692865,0.257826794286688,0.37372819085650627,False,False,False
2026-08-01,077,VALID,36,64,STABLE,13,0.203125,4.923076923076923,3,0.0928030425601663,25,0.390625,2.56,1,0.12294704189661951,26,0.40625,2.4615384615384617,2,0.11772819239604163,157.69881934825207,7558.786347000042,7098.026555755301,340.8339858643301,90.44229815045195,TOP,True,294.840682059782,-3358.5038147049795,8169.877682948437,241.41593161000762,217.12013437921516,LEFT,False,6.507791157388965,-7052.290087786806,7994.600204689496,305.2369323437152,235.90846172395976,BOTTOM,False,1,LONG,295.82894993935093,181.15696475120896,-8.84303524879104,TOP,0.2135759698250393,0.6874846986362612,False,161.03174750128235,0.2680375113578075,0.3550337812027665,False,False,True
2026-08-02,077,VALID,37,64,TRANSITION,13,0.203125,4.923076923076923,3,0.09014854884767919,25,0.390625,2.56,2,0.1142732989165151,26,0.40625,2.4615384615384617,1,0.1149135465273254,84.65159107726231,-720.8501787489708,6849.639232962849,374.69061868142694,196.99249301669514,RIGHT,False,295.0131849051804,-3260.7929790569287,7711.887943579298,241.57702338725943,217.25945082510412,LEFT,False,83.82449301743281,-736.8455733006379,7733.461754930986,374.1249655963101,198.0204884784375,RIGHT,False,0,NONE,330.1308692216655,204.09081077341224,14.090810773412244,RIGHT,0.41675376382533547,0.6710127541763634,False,134.64760982263013,0.3879654098971358,0.38137908415826194,True,True,True
2026-08-03,077,VALID,38,64,STABLE,13,0.203125,4.923076923076923,3,0.10414037281947394,25,0.390625,2.56,2,0.10923845068155714,26,0.40625,2.4615384615384617,1,0.12566517686050283,227.4029744747504,5362.809436488657,7212.899473100025,226.63793974224114,122.54715604955851,LEFT,True,80.03069444651192,-1278.900510464659,7387.339891205295,371.3660397984196,202.54434120425182,RIGHT,False,158.5687943536036,6714.177610129333,7923.330811360793,339.3837803288859,89.66532862302388,TOP,True,2,LONG+SHORT,312.46258662318223,138.25227529227809,-51.747724707721915,TOP,0.5201694072766561,0.6545408097164657,False,165.36557253112113,0.24833830667672208,0.37479275841938814,False,True,True
2026-08-04,077,VALID,39,64,TRANSITION,13,0.203125,4.923076923076923,2,0.11696834681933355,25,0.390625,2.56,1,0.1291736813854902,26,0.40625,2.4615384615384617,3,0.08804338659664564,215.12875105517196,6593.043718827881,7671.028092983458,240.0580491994784,104.80214034320566,TOP,True,224.87914119922107,5435.665703783966,8061.324726853015,228.9622777287408,118.66195211123119,TOP,True,15.878764492928894,-6401.354177536835,6655.301994141406,312.91980395071914,235.41920778419103,BOTTOM,False,2,LONG+MID,260.64671029297944,152.96110007954263,-37.03889992045737,LEFT,0.38495289424860857,0.6380688652565677,False,149.56488094573828,0.320159632064826,0.36820643268051423,False,True,False
2026-08-05,077,VALID,40,64,STABLE,13,0.203125,4.923076923076923,2,0.11239758641646908,25,0.390625,2.56,1,0.12495579849363285,26,0.40625,2.4615384615384617,3,0.08214649920780913,355.7918756771487,-7903.884043815642,7516.458242849675,296.6182074456351,235.96202457711072,BOTTOM,False,298.4185921969779,-3577.154828449186,7925.249865191533,244.79336527463573,219.87327170278374,LEFT,False,161.97202381777424,6110.3579681917045,6425.830808321158,333.55674453027075,86.89428797462311,TOP,True,1,SHORT,291.65610575018053,180.90986141817254,-9.09013858182746,TOP,0.27623655514477397,0.62159692079667,False,159.88229298535254,0.27326230461203393,0.36162010694164043,False,False,False
2026-08-06,077,VALID,41,64,STABLE,13,0.203125,4.923076923076923,2,0.10974103005955144,25,0.390625,2.56,1,0.1269180392745143,26,0.40625,2.4615384615384617,3,0.08075155193141091,136.82535059864222,5684.047080205717,7247.551376674154,369.337043834097,116.09804965423906,TOP,True,11.730424910133024,-7096.186190082087,7794.1446877524295,309.4880078043636,235.69365197578446,BOTTOM,False,307.5957316543672,-3792.9173876211266,6217.019439655796,253.66642768438902,225.67615574798756,LEFT,False,1,LONG,310.8304931076165,192.48928579267036,2.4892857926703584,RIGHT,0.28839430614420175,0.6051249763367721,False,159.33315027183104,0.27575840785531347,0.3550337812027665,False,False,False
2026-08-07,077,VALID,42,64,STABLE,13,0.203125,4.923076923076923,2,0.10968757587592304,25,0.390625,2.56,1,0.12671190921415051,26,0.40625,2.4615384615384617,3,0.08091062688783665,277.07532506368625,-936.2562516857371,7072.049700818715,226.50552078888956,199.12208092692927,LEFT,False,85.25817586091216,-584.6180681032589,7601.079978121977,375.0967721329582,196.22927071568054,RIGHT,False,94.29800163769505,455.203853144773,6073.924201155924,380.17210628826547,183.97464109151935,RIGHT,True,1,SHORT,327.25813307003773,193.10866424470973,3.108664244709729,RIGHT,0.3366329473920371,0.6025971088356981,False,154.4113481341458,0.29813023575388264,0.3506586659678881,False,False,False
2026-08-08,077,VALID,43,64,UNSTABLE,9,0.140625,7.111111111111111,3,0.07215316368762445,13,0.203125,4.923076923076923,2,0.08187136527251392,25,0.390625,2.56,1,0.1363848992692335,52.52690559356506,-4812.693050153104,5753.756671126047,346.45293434899395,225.60994497393128,RIGHT,False,155.80612387823294,5590.655231549308,6129.002784124669,343.9288907109055,92.22583711259239,TOP,True,4.197132607153435,-5738.3259082439,7910.554845508449,303.3729421361785,235.96222382126354,BOTTOM,False,1,MID,331.25158906535927,184.59933530259573,-5.400664697404267,RIGHT,0.48429154278760467,0.6000692413346241,False,149.3483639979379,0.32114380000937326,0.3462835507330097,False,False,False
2026-08-09,077,VALID,44,64,UNSTABLE,9,0.140625,7.111111111111111,3,0.08053492297975924,25,0.390625,2.56,1,0.10013816199140918,26,0.40625,2.4615384615384617,2,0.08232367934850898,195.22881812484866,6600.726092311219,6134.917091418025,271.4009690167151,84.94694201845722,TOP,True,29.95313622283811,-5374.208178097786,6840.94946121006,325.1014349015697,233.55920170763338,BOTTOM,False,46.78734785768529,-4200.627187366734,6202.674059902048,340.8788910649217,228.40482464372866,RIGHT,False,1,LONG,312.46043166106887,182.30365612327307,-7.696343876726928,RIGHT,0.37649872752420166,0.5975413738335501,False,159.39681847346523,0.2754690069387944,0.34190843549813127,False,False,True
2026-08-10,077,VALID,45,64,TRANSITION,9,0.140625,7.111111111111111,2,0.08224676670342293,24,0.375,2.6666666666666665,3,0.06317456638239122,26,0.40625,2.4615384615384617,1,0.10744069955962675,176.52160118524353,7306.0354945438,6404.092567254434,306.6703681646498,80.26149181720187,TOP,True,108.90749001403401,2075.1891540303513,5612.66754781448,383.60117241756,161.36471060502944,RIGHT,True,197.80179023267192,5343.932131463366,7319.519927670817,266.83866525987827,86.72562231323315,TOP,True,3,LONG+MID+SHORT,319.03673528069606,109.45060824515481,-80.54939175484519,TOP,0.7932992062052434,0.6215969207966702,True,138.5802171263209,0.3700899221530869,0.3580450093928306,True,True,True
2026-08-11,077,VALID,46,64,STABLE,9,0.140625,7.111111111111111,2,0.09121724207943442,25,0.390625,2.56,3,0.06504854927592577,26,0.40625,2.4615384615384617,1,0.09885285712523882,320.961014916169,-5346.307729878743,6612.0278343032505,266.52664975892526,231.27868488710766,BOTTOM,False,160.49000390697802,6232.3866138770445,5583.609173443011,336.12322667420676,88.04768612922908,TOP,True,114.4311692743695,2309.379561866986,6883.206796441838,383.0658839943341,152.26514358758067,RIGHT,True,2,MID+SHORT,328.57192014248875,157.19717153463912,-32.802828465360875,TOP,0.2815611443687147,0.6051249763367721,False,159.24447407525358,0.2761614814761201,0.3550337812027665,False,True,False
2026-08-12,077,VALID,47,64,STABLE,9,0.140625,7.111111111111111,2,0.0903187622704425,25,0.390625,2.56,3,0.06482664591219388,26,0.40625,2.4615384615384617,1,0.09848095014267136,106.90374051729032,1955.2306613138835,6439.753670616198,383.53244487084993,164.61494592036507,RIGHT,True,211.302128834604,5502.380078517931,5455.782427633107,245.26943970659747,99.99157596148524,TOP,True,255.4590363084135,1369.7948516911501,6724.444006610803,216.7215101681989,168.39918408742614,LEFT,True,3,LONG+MID+SHORT,281.8411315818821,144.33523532309215,-45.66476467690785,TOP,0.497912995157725,0.6025971088356981,False,166.85385340134386,0.2415733936302552,0.3506586659678881,False,False,True
2026-08-13,077,VALID,48,64,STABLE,9,0.140625,7.111111111111111,2,0.09058943430934113,25,0.390625,2.56,3,0.06275980180036633,26,0.40625,2.4615384615384617,1,0.09950664538241195,252.2311162696351,2019.2929388142481,6313.3313648961,216.42113748427667,163.21582324241817,LEFT,True,260.9871086170897,989.0255823020515,5254.853252489684,218.0119378456365,176.99545615734777,LEFT,True,36.771837242318725,-4209.272578446715,6616.767175322823,331.3485601375931,231.94745546786655,BOTTOM,False,2,LONG+MID,255.26054515583542,190.71957828921083,0.7195782892108298,LEFT,0.46118032271502885,0.6000692413346241,False,133.91172370673272,0.3913103467875786,0.3640674657729588,True,True,False
2026-08-14,077,VALID,49,64,STABLE,9,0.140625,7.111111111111111,2,0.0938794297299023,24,0.375,2.6666666666666665,3,0.06031955788784144,26,0.40625,2.4615384615384617,1,0.10317323768141419,37.60843879039112,-5234.380482629064,6302.781735744662,332.13004676338613,231.70900683377096,BOTTOM,False,312.565717603567,-4263.424758291506,5052.148660689242,258.4951194548878,228.11988639424254,LEFT,False,14.097187963634497,-4899.998002935388,6607.399651760607,311.43882996558233,235.54935238065184,BOTTOM,False,0,NONE,300.6879987279521,231.79274853622178,41.79274853622178,BOTTOM,0.8137800242343447,0.6380688652565679,True,73.72234603739408,0.6648984271027543,0.3772401172507065,True,False,False
2026-08-15,077,VALID,50,64,TRANSITION,9,0.140625,7.111111111111111,1,0.10506873962048584,25,0.390625,2.56,3,0.06574534817206877,26,0.40625,2.4615384615384617,2,0.08812746607756548,2.4944291680471906,-6591.36823845294,6597.6197606411715,302.0033431688626,235.98670568047518,BOTTOM,False,184.25144176564118,6025.727334874687,5218.948794822641,291.85183344220616,80.39049627124979,TOP,True,321.2030518259271,-4067.499113047901,6042.353959717651,266.75453099579545,231.35353456655415,BOTTOM,False,1,MID,286.8699025356214,182.57691217275973,-7.423087827240266,LEFT,0.3402796744300146,0.6215969207966702,False,155.92701347826144,0.2912408478260844,0.37366501970189675,False,False,
