signal_date,next_date,group,condition_rank_top3,condition_all3,condition_direction_positive,condition_all3_combined,next_strong3000,next_strong5000,next_strong10000,next_strong15000,next_strong20000,next_strong5000_count,next_strong10000_count,next_max_close,next_max_high,evaluated
2026-06-27,2026-06-28,g1,0,0,1,0,True,True,True,False,False,3,2,12268.0,16729.0,True
2026-06-27,2026-06-28,g2,1,1,1,1,True,True,True,True,False,2,2,17143.0,22929.0,True
2026-06-27,2026-06-28,g3,0,0,1,0,True,True,True,True,True,2,2,28929.0,29143.0,True
2026-06-27,2026-06-28,g4,0,0,0,0,True,True,True,True,True,2,2,32981.0,33426.0,True
2026-06-27,2026-06-28,g5,0,0,0,0,True,True,True,True,True,2,2,30418.0,33649.0,True
2026-06-27,2026-06-28,g6,0,0,0,0,False,False,False,False,False,0,0,1636.0,7955.0,True
2026-06-27,2026-06-28,g7,1,1,0,0,True,True,True,True,False,1,1,17679.0,25393.0,True
2026-06-27,2026-06-28,g8,0,0,0,0,True,True,False,False,False,1,0,7658.0,14498.0,True
2026-06-27,2026-06-28,g9,1,0,0,0,True,True,True,False,False,1,1,10855.0,15390.0,True
2026-06-28,2026-06-29,g1,1,1,1,1,True,True,True,True,True,2,1,31532.0,32758.0,True
2026-06-28,2026-06-29,g2,0,0,0,0,True,True,True,False,False,1,1,11599.0,14944.0,True
2026-06-28,2026-06-29,g3,0,0,0,0,True,True,True,False,False,3,2,12639.0,17100.0,True
2026-06-28,2026-06-29,g4,0,1,0,0,True,True,True,True,True,2,2,34429.0,38329.0,True
2026-06-28,2026-06-29,g5,1,1,0,0,True,True,True,True,False,1,1,15321.0,21429.0,True
2026-06-28,2026-06-29,g6,1,1,1,1,True,True,True,True,False,2,1,18107.0,20679.0,True
2026-06-28,2026-06-29,g7,0,0,0,0,True,True,False,False,False,2,0,9888.0,12788.0,True
2026-06-28,2026-06-29,g8,0,1,0,0,False,False,False,False,False,0,0,-3955.0,0.0,True
2026-06-28,2026-06-29,g9,0,0,0,0,True,True,True,False,False,2,2,12937.0,16134.0,True
2026-06-29,2026-06-30,g1,0,0,0,0,True,True,True,False,False,1,1,12586.0,13276.0,True
2026-06-29,2026-06-30,g2,0,1,1,0,True,True,True,False,False,2,1,13884.0,21570.0,True
2026-06-29,2026-06-30,g3,1,1,1,1,True,True,True,True,True,3,2,23058.0,25041.0,True
2026-06-29,2026-06-30,g4,1,1,1,1,True,True,True,True,True,1,1,20579.0,22562.0,True
2026-06-29,2026-06-30,g5,0,0,0,0,True,True,True,False,False,2,2,14138.0,19483.0,True
2026-06-29,2026-06-30,g6,1,0,1,0,True,True,True,True,False,1,1,16724.0,18276.0,True
2026-06-29,2026-06-30,g7,0,0,0,0,False,False,False,False,False,0,0,-2222.0,5776.0,True
2026-06-29,2026-06-30,g8,0,0,0,0,False,False,False,False,False,0,0,2759.0,9655.0,True
2026-06-29,2026-06-30,g9,0,0,0,0,False,False,False,False,False,0,0,2672.0,8103.0,True
2026-06-30,2026-07-01,g1,1,1,1,1,True,True,True,True,True,2,2,28718.0,32308.0,True
2026-06-30,2026-07-01,g2,0,0,0,0,True,False,False,False,False,0,0,4655.0,13103.0,True
2026-06-30,2026-07-01,g3,0,0,0,0,True,True,True,False,False,2,1,12645.0,19835.0,True
2026-06-30,2026-07-01,g4,1,0,0,0,True,True,True,True,True,3,2,22810.0,22810.0,True
2026-06-30,2026-07-01,g5,0,0,0,0,True,True,True,True,True,1,1,28462.0,31795.0,True
2026-06-30,2026-07-01,g6,0,0,0,0,False,False,False,False,False,0,0,-978.0,3879.0,True
2026-06-30,2026-07-01,g7,0,0,0,0,True,True,True,False,False,2,1,12414.0,17069.0,True
2026-06-30,2026-07-01,g8,1,1,1,1,True,True,True,True,False,1,1,19091.0,25537.0,True
2026-06-30,2026-07-01,g9,0,0,0,0,True,False,False,False,False,0,0,4828.0,11897.0,True
2026-07-01,2026-07-02,g1,1,0,0,0,True,False,False,False,False,0,0,3707.0,13621.0,True
2026-07-01,2026-07-02,g2,0,0,1,0,True,True,True,False,False,1,1,12586.0,17069.0,True
2026-07-01,2026-07-02,g3,0,1,1,0,True,True,True,True,False,2,1,16207.0,19655.0,True
2026-07-01,2026-07-02,g4,0,0,0,0,True,True,False,False,False,1,0,5000.0,5000.0,True
2026-07-01,2026-07-02,g5,0,0,1,0,True,True,True,True,False,2,1,17355.0,22810.0,True
2026-07-01,2026-07-02,g6,1,0,1,0,True,True,True,True,False,2,2,17851.0,20331.0,True
2026-07-01,2026-07-02,g7,1,1,1,1,True,True,True,True,True,1,1,21322.0,25785.0,True
2026-07-01,2026-07-02,g8,0,0,0,0,True,True,False,False,False,2,0,9138.0,12586.0,True
2026-07-01,2026-07-02,g9,0,1,1,0,True,True,True,True,False,1,1,15345.0,17931.0,True
2026-07-02,2026-07-03,g1,0,0,0,0,False,False,False,False,False,0,0,-2044.0,12241.0,True
2026-07-02,2026-07-03,g2,0,0,0,0,True,True,True,True,True,2,2,30000.0,30256.0,True
2026-07-02,2026-07-03,g3,1,0,1,0,True,True,True,True,True,3,3,53438.0,53438.0,True
2026-07-02,2026-07-03,g4,0,0,0,0,True,True,True,False,False,1,1,13621.0,13966.0,True
2026-07-02,2026-07-03,g5,1,0,0,0,True,True,True,True,False,3,2,17603.0,20331.0,True
2026-07-02,2026-07-03,g6,1,1,1,1,True,True,True,True,True,4,2,35128.0,36154.0,True
2026-07-02,2026-07-03,g7,0,0,0,0,True,True,True,True,True,1,1,25041.0,26033.0,True
2026-07-02,2026-07-03,g8,0,0,0,0,True,True,True,True,True,1,1,36154.0,36667.0,True
2026-07-02,2026-07-03,g9,0,0,0,0,True,True,True,True,False,2,2,15000.0,16034.0,True
2026-07-03,2026-07-04,g1,0,0,0,0,False,False,False,False,False,0,0,-1244.0,6034.0,True
2026-07-03,2026-07-04,g2,0,0,0,0,False,False,False,False,False,0,0,-2489.0,4483.0,True
2026-07-03,2026-07-04,g3,1,0,0,0,False,False,False,False,False,0,0,-1778.0,8190.0,True
2026-07-03,2026-07-04,g4,1,1,0,0,True,True,True,True,False,2,2,17241.0,23802.0,True
2026-07-03,2026-07-04,g5,1,1,1,1,True,True,True,False,False,1,1,14138.0,16379.0,True
2026-07-03,2026-07-04,g6,0,0,0,0,True,True,False,False,False,2,0,9655.0,16379.0,True
2026-07-03,2026-07-04,g7,0,0,0,0,True,False,False,False,False,0,0,3190.0,8707.0,True
2026-07-03,2026-07-04,g8,0,0,0,0,True,True,True,False,False,2,2,11034.0,16207.0,True
2026-07-03,2026-07-04,g9,0,0,0,0,False,False,False,False,False,0,0,-3733.0,7500.0,True
2026-07-04,2026-07-05,g1,0,0,0,0,True,False,False,False,False,0,0,4741.0,6207.0,True
2026-07-04,2026-07-05,g2,1,0,0,0,True,True,False,False,False,1,0,8966.0,11379.0,True
2026-07-04,2026-07-05,g3,0,0,0,0,True,True,True,True,True,1,1,23306.0,23306.0,True
2026-07-04,2026-07-05,g4,0,0,1,0,True,True,True,True,False,2,2,19339.0,21074.0,True
2026-07-04,2026-07-05,g5,1,0,0,0,True,True,False,False,False,1,0,7759.0,16207.0,True
2026-07-04,2026-07-05,g6,1,0,0,0,True,True,True,False,False,3,3,13276.0,19655.0,True
2026-07-04,2026-07-05,g7,0,0,0,0,True,True,True,True,False,2,2,18103.0,18448.0,True
2026-07-04,2026-07-05,g8,0,0,0,0,False,False,False,False,False,0,0,-3289.0,3793.0,True
2026-07-04,2026-07-05,g9,0,0,1,0,True,True,True,True,True,2,2,28760.0,29256.0,True
2026-07-05,2026-07-06,g1,0,0,0,0,True,True,True,True,False,1,1,19091.0,20579.0,True
2026-07-05,2026-07-06,g2,1,0,0,0,True,False,False,False,False,0,0,3103.0,10517.0,True
2026-07-05,2026-07-06,g3,0,0,0,0,False,False,False,False,False,0,0,2241.0,6293.0,True
2026-07-05,2026-07-06,g4,1,1,1,1,True,True,True,True,True,2,2,27769.0,29008.0,True
2026-07-05,2026-07-06,g5,0,0,0,0,True,True,True,True,False,4,3,18276.0,18276.0,True
2026-07-05,2026-07-06,g6,0,1,0,0,True,True,True,True,False,1,1,19091.0,20579.0,True
2026-07-05,2026-07-06,g7,0,0,0,0,True,True,False,False,False,1,0,7759.0,10172.0,True
2026-07-05,2026-07-06,g8,1,0,0,0,True,True,True,True,False,2,1,17069.0,18103.0,True
2026-07-05,2026-07-06,g9,0,0,0,0,False,False,False,False,False,0,0,172.0,4741.0,True
2026-07-06,2026-07-07,g1,1,0,1,0,True,True,True,True,True,1,1,26033.0,27273.0,True
2026-07-06,2026-07-07,g2,1,0,0,0,False,False,False,False,False,0,0,-1956.0,3967.0,True
2026-07-06,2026-07-07,g3,0,0,0,0,True,True,True,True,True,1,1,32564.0,35128.0,True
2026-07-06,2026-07-07,g4,0,0,0,0,True,True,False,False,False,1,0,5690.0,10690.0,True
2026-07-06,2026-07-07,g5,0,0,0,0,False,False,False,False,False,0,0,690.0,3017.0,True
2026-07-06,2026-07-07,g6,1,0,0,0,True,True,True,False,False,3,1,11724.0,15000.0,True
2026-07-06,2026-07-07,g7,0,0,0,0,True,True,True,False,False,2,2,11207.0,13793.0,True
2026-07-06,2026-07-07,g8,0,0,1,0,True,True,False,False,False,1,0,7759.0,16207.0,True
2026-07-06,2026-07-07,g9,0,0,0,0,True,True,True,True,False,3,1,16897.0,16897.0,True
2026-07-07,2026-07-08,g1,1,0,0,0,True,False,False,False,False,0,0,4914.0,8103.0,True
2026-07-07,2026-07-08,g2,0,0,0,0,False,False,False,False,False,0,0,2759.0,8707.0,True
2026-07-07,2026-07-08,g3,1,0,0,0,True,True,True,False,False,2,1,12414.0,18103.0,True
2026-07-07,2026-07-08,g4,0,0,0,0,True,True,True,True,True,2,2,35128.0,37179.0,True
2026-07-07,2026-07-08,g5,0,0,0,0,True,True,True,False,False,2,1,12069.0,15000.0,True
2026-07-07,2026-07-08,g6,0,0,0,0,True,True,False,False,False,1,0,5862.0,13276.0,True
2026-07-07,2026-07-08,g7,0,0,0,0,False,False,False,False,False,0,0,-1689.0,8707.0,True
2026-07-07,2026-07-08,g8,1,0,0,0,True,True,True,True,False,2,1,16552.0,17586.0,True
2026-07-07,2026-07-08,g9,0,0,0,0,True,True,False,False,False,1,0,5000.0,5517.0,True
2026-07-08,2026-07-09,g1,1,0,0,0,False,False,False,False,False,0,0,-5867.0,8879.0,True
2026-07-08,2026-07-09,g2,1,0,0,0,True,True,True,True,True,1,1,26529.0,28512.0,True
2026-07-08,2026-07-09,g3,0,0,0,0,True,True,False,False,False,1,0,9310.0,12414.0,True
2026-07-08,2026-07-09,g4,0,0,0,0,False,False,False,False,False,0,0,2672.0,12931.0,True
2026-07-08,2026-07-09,g5,0,0,0,0,True,True,True,True,True,2,2,21570.0,25785.0,True
2026-07-08,2026-07-09,g6,0,0,0,0,True,True,True,True,False,2,1,15345.0,16897.0,True
2026-07-08,2026-07-09,g7,0,0,0,0,True,True,False,False,False,1,0,5690.0,11034.0,True
2026-07-08,2026-07-09,g8,0,0,0,0,False,False,False,False,False,0,0,-2222.0,6293.0,True
2026-07-08,2026-07-09,g9,1,0,1,0,False,False,False,False,False,0,0,1293.0,2155.0,True
2026-07-09,2026-07-10,g1,0,0,0,0,True,True,False,False,False,1,0,5345.0,6552.0,True
2026-07-09,2026-07-10,g2,0,1,0,0,True,True,True,True,False,1,1,16612.0,20083.0,True
2026-07-09,2026-07-10,g3,0,0,1,0,False,False,False,False,False,0,0,1034.0,14828.0,True
2026-07-09,2026-07-10,g4,0,1,1,0,True,True,True,True,True,4,2,30769.0,32051.0,True
2026-07-09,2026-07-10,g5,0,1,0,0,True,False,False,False,False,0,0,4138.0,9224.0,True
2026-07-09,2026-07-10,g6,1,0,1,0,False,False,False,False,False,0,0,1724.0,4052.0,True
2026-07-09,2026-07-10,g7,0,0,0,0,True,True,False,False,False,2,0,9138.0,15862.0,True
2026-07-09,2026-07-10,g8,1,1,1,1,True,False,False,False,False,0,0,3448.0,6379.0,True
2026-07-09,2026-07-10,g9,1,1,1,1,True,True,False,False,False,2,0,6724.0,7845.0,True
2026-07-10,2026-07-11,g1,0,0,1,0,False,False,False,False,False,0,0,-267.0,4828.0,True
2026-07-10,2026-07-11,g2,0,0,1,0,True,True,True,True,True,2,2,22810.0,23306.0,True
2026-07-10,2026-07-11,g3,0,0,0,0,True,True,True,False,False,2,1,10862.0,12241.0,True
2026-07-10,2026-07-11,g4,1,0,0,0,True,True,True,True,True,1,1,25041.0,27769.0,True
2026-07-10,2026-07-11,g5,0,0,1,0,True,True,True,True,False,2,1,15000.0,16897.0,True
2026-07-10,2026-07-11,g6,1,1,0,0,True,True,True,True,True,1,1,25289.0,27769.0,True
2026-07-10,2026-07-11,g7,0,0,0,0,True,True,True,False,False,2,2,13140.0,20083.0,True
2026-07-10,2026-07-11,g8,1,0,0,0,True,True,True,False,False,3,2,13448.0,16034.0,True
2026-07-10,2026-07-11,g9,0,0,1,0,True,True,True,True,False,2,2,18017.0,18017.0,True
2026-07-11,2026-07-12,g1,1,0,0,0,True,True,False,False,False,1,0,7686.0,27521.0,True
2026-07-11,2026-07-12,g2,0,0,0,0,True,False,False,False,False,0,0,4620.0,8668.0,True
2026-07-11,2026-07-12,g3,1,1,1,1,True,True,False,False,False,2,0,7931.0,14138.0,True
2026-07-11,2026-07-12,g4,0,0,0,0,True,True,True,True,False,2,2,19835.0,22810.0,True
2026-07-11,2026-07-12,g5,0,0,1,0,True,True,True,True,False,1,1,17851.0,19835.0,True
2026-07-11,2026-07-12,g6,0,0,0,0,True,True,True,False,False,3,2,13103.0,17586.0,True
2026-07-11,2026-07-12,g7,0,0,1,0,True,True,True,True,False,2,2,19587.0,20331.0,True
2026-07-11,2026-07-12,g8,1,1,1,1,True,True,True,True,False,3,1,16379.0,17586.0,True
2026-07-11,2026-07-12,g9,0,1,1,0,True,True,True,False,False,1,1,11552.0,12759.0,True
2026-07-12,2026-07-13,g1,1,1,1,1,True,True,True,True,True,2,2,23644.0,24153.0,True
2026-07-12,2026-07-13,g2,0,0,0,0,True,True,False,False,False,1,0,6549.0,11150.0,True
2026-07-12,2026-07-13,g3,0,1,1,0,True,True,True,False,False,2,2,14513.0,16460.0,True
2026-07-12,2026-07-13,g4,1,0,0,0,True,True,False,False,False,1,0,8136.0,10169.0,True
2026-07-12,2026-07-13,g5,0,0,0,0,True,False,False,False,False,0,0,3097.0,5487.0,True
2026-07-12,2026-07-13,g6,1,1,1,1,True,True,True,True,True,2,2,24661.0,26441.0,True
2026-07-12,2026-07-13,g7,0,0,0,0,True,False,False,False,False,0,0,4071.0,11681.0,True
2026-07-12,2026-07-13,g8,0,0,0,0,True,True,True,False,False,2,1,13274.0,14336.0,True
2026-07-12,2026-07-13,g9,0,0,0,0,True,True,False,False,False,1,0,6283.0,10442.0,True
2026-07-13,2026-07-14,g1,0,0,1,0,True,True,True,True,False,1,1,17876.0,17876.0,True
2026-07-13,2026-07-14,g2,0,0,1,0,True,True,True,True,True,1,1,23745.0,24000.0,True
2026-07-13,2026-07-14,g3,1,0,0,0,True,True,True,True,True,3,2,29377.0,30295.0,True
2026-07-13,2026-07-14,g4,0,0,0,0,False,False,False,False,False,0,0,2655.0,10354.0,True
2026-07-13,2026-07-14,g5,1,1,1,1,True,True,True,True,True,3,3,22500.0,22500.0,True
2026-07-13,2026-07-14,g6,0,0,0,0,True,True,True,False,False,2,1,11416.0,11416.0,True
2026-07-13,2026-07-14,g7,0,0,1,0,True,True,True,True,True,2,2,29770.0,31344.0,True
2026-07-13,2026-07-14,g8,1,0,1,0,True,True,True,True,True,2,1,26426.0,26426.0,True
2026-07-13,2026-07-14,g9,0,0,0,0,False,False,False,False,False,0,0,1504.0,5044.0,True
2026-07-14,2026-07-15,g1,0,0,0,0,True,True,False,False,False,1,0,6724.0,8190.0,True
2026-07-14,2026-07-15,g2,1,0,0,0,True,False,False,False,False,0,0,4655.0,8362.0,True
2026-07-14,2026-07-15,g3,0,0,0,0,True,True,False,False,False,1,0,6466.0,6638.0,True
2026-07-14,2026-07-15,g4,0,0,1,0,True,True,True,True,True,2,2,40365.0,41406.0,True
2026-07-14,2026-07-15,g5,1,0,0,0,False,False,False,False,False,0,0,-4000.0,2414.0,True
2026-07-14,2026-07-15,g6,0,0,0,0,True,True,True,False,False,1,1,11034.0,11207.0,True
2026-07-14,2026-07-15,g7,0,0,0,0,True,True,True,False,False,1,1,12759.0,15172.0,True
2026-07-14,2026-07-15,g8,1,0,0,0,True,True,True,False,False,2,1,11724.0,12931.0,True
2026-07-14,2026-07-15,g9,0,1,1,0,True,True,True,True,False,1,1,19483.0,19483.0,True
2026-07-15,2026-07-16,g1,1,1,1,1,True,True,False,False,False,1,0,5690.0,12586.0,True
2026-07-15,2026-07-16,g2,1,0,1,0,True,True,True,False,False,1,1,10517.0,16034.0,True
2026-07-15,2026-07-16,g3,0,0,0,0,True,False,False,False,False,0,0,4655.0,14483.0,True
2026-07-15,2026-07-16,g4,0,0,0,0,True,True,False,False,False,1,0,5172.0,11379.0,True
2026-07-15,2026-07-16,g5,0,0,0,0,True,True,True,True,True,2,2,28462.0,30769.0,True
2026-07-15,2026-07-16,g6,0,0,0,0,True,True,True,False,False,2,1,10690.0,12414.0,True
2026-07-15,2026-07-16,g7,0,0,1,0,True,True,True,True,True,2,2,21570.0,23306.0,True
2026-07-15,2026-07-16,g8,0,0,1,0,True,True,True,False,False,2,2,14655.0,17241.0,True
2026-07-15,2026-07-16,g9,1,0,0,0,False,False,False,False,False,0,0,690.0,6638.0,True
2026-07-16,2026-07-17,g1,1,0,1,0,True,True,True,True,True,4,3,26033.0,27273.0,True
2026-07-16,2026-07-17,g2,0,0,0,0,True,True,True,False,False,1,1,12414.0,16379.0,True
2026-07-16,2026-07-17,g3,0,0,0,0,True,True,False,False,False,2,0,9655.0,16034.0,True
2026-07-16,2026-07-17,g4,0,0,0,0,True,True,True,True,False,2,2,15862.0,17931.0,True
2026-07-16,2026-07-17,g5,0,0,0,0,True,True,True,True,False,3,2,19339.0,22066.0,True
2026-07-16,2026-07-17,g6,0,0,0,0,False,False,False,False,False,0,0,0.0,7586.0,True
2026-07-16,2026-07-17,g7,1,0,0,0,True,True,True,True,True,2,1,20826.0,21322.0,True
2026-07-16,2026-07-17,g8,1,0,0,0,True,True,True,True,False,2,1,15172.0,16207.0,True
2026-07-16,2026-07-17,g9,0,0,0,0,True,True,True,True,True,3,2,22810.0,23802.0,True
2026-07-17,2026-07-18,g1,0,1,0,0,True,True,True,True,True,1,1,47135.0,47396.0,True
2026-07-17,2026-07-18,g2,0,0,1,0,True,True,True,False,False,2,2,14483.0,17414.0,True
2026-07-17,2026-07-18,g3,1,1,1,1,False,False,False,False,False,0,0,86.0,3448.0,True
2026-07-17,2026-07-18,g4,1,1,1,1,True,True,True,True,True,1,1,23802.0,25785.0,True
2026-07-17,2026-07-18,g5,0,0,0,0,True,False,False,False,False,0,0,4138.0,7414.0,True
2026-07-17,2026-07-18,g6,0,0,1,0,False,False,False,False,False,0,0,-2133.0,13223.0,True
2026-07-17,2026-07-18,g7,1,1,1,1,True,True,False,False,False,1,0,9224.0,10862.0,True
2026-07-17,2026-07-18,g8,0,0,0,0,True,True,False,False,False,2,0,8276.0,23802.0,True
2026-07-17,2026-07-18,g9,0,0,0,0,True,True,True,True,True,4,3,36154.0,37949.0,True
2026-07-18,2026-07-19,g1,1,0,0,0,True,True,True,True,True,3,1,35897.0,36154.0,True
2026-07-18,2026-07-19,g2,1,0,1,0,True,True,True,True,True,1,1,38205.0,39231.0,True
2026-07-18,2026-07-19,g3,0,0,0,0,True,True,True,True,True,2,1,25289.0,26033.0,True
2026-07-18,2026-07-19,g4,0,0,0,0,True,True,True,False,False,1,1,11379.0,15345.0,True
2026-07-18,2026-07-19,g5,0,0,1,0,True,True,True,True,False,2,2,15124.0,20826.0,True
2026-07-18,2026-07-19,g6,1,0,0,0,True,True,False,False,False,1,0,5086.0,8793.0,True
2026-07-18,2026-07-19,g7,0,0,1,0,True,True,True,True,True,1,1,23058.0,24298.0,True
2026-07-18,2026-07-19,g8,0,0,0,0,True,True,True,False,False,1,1,12414.0,12931.0,True
2026-07-18,2026-07-19,g9,0,0,0,0,True,True,False,False,False,1,0,9310.0,14483.0,True
2026-07-19,2026-07-20,g1,0,0,0,0,True,True,True,False,False,1,1,10345.0,10517.0,True
2026-07-19,2026-07-20,g2,1,1,1,1,True,True,False,False,False,1,0,8103.0,10172.0,True
2026-07-19,2026-07-20,g3,1,0,1,0,True,True,True,True,True,4,4,20826.0,21322.0,True
2026-07-19,2026-07-20,g4,1,0,0,0,True,True,False,False,False,1,0,6379.0,12414.0,True
2026-07-19,2026-07-20,g5,0,0,0,0,True,True,True,False,False,3,1,12586.0,13793.0,True
2026-07-19,2026-07-20,g6,0,0,0,0,True,True,False,False,False,2,0,7414.0,11552.0,True
2026-07-19,2026-07-20,g7,0,0,0,0,True,True,False,False,False,1,0,5690.0,14828.0,True
2026-07-19,2026-07-20,g8,0,0,0,0,True,True,True,False,False,1,1,10172.0,14828.0,True
2026-07-19,2026-07-20,g9,0,0,0,0,True,True,True,True,True,3,2,25041.0,27769.0,True
2026-07-20,2026-07-21,g1,0,0,0,0,False,False,False,False,False,0,0,-978.0,5862.0,True
2026-07-20,2026-07-21,g2,1,1,1,1,True,True,True,True,True,1,1,35641.0,36154.0,True
2026-07-20,2026-07-21,g3,1,1,0,0,True,True,True,True,True,1,1,29504.0,29504.0,True
2026-07-20,2026-07-21,g4,0,0,0,0,True,True,True,True,True,1,1,21322.0,21322.0,True
2026-07-20,2026-07-21,g5,0,0,1,0,True,True,True,False,False,1,1,14828.0,17241.0,True
2026-07-20,2026-07-21,g6,1,0,1,0,True,True,True,True,False,2,2,16379.0,19483.0,True
2026-07-20,2026-07-21,g7,0,0,1,0,True,True,True,True,True,3,1,24298.0,26777.0,True
2026-07-20,2026-07-21,g8,0,1,1,0,True,True,False,False,False,2,0,8276.0,9397.0,True
2026-07-20,2026-07-21,g9,0,0,0,0,True,False,False,False,False,0,0,3448.0,9655.0,True
2026-07-21,2026-07-22,g1,0,0,0,0,False,False,False,False,False,0,0,2759.0,7759.0,True
2026-07-21,2026-07-22,g2,0,0,0,0,True,True,True,False,False,1,1,11207.0,15517.0,True
2026-07-21,2026-07-22,g3,0,0,0,0,True,True,True,True,True,3,2,23554.0,24793.0,True
2026-07-21,2026-07-22,g4,1,0,1,0,True,True,True,False,False,1,1,10345.0,17759.0,True
2026-07-21,2026-07-22,g5,1,0,0,0,True,True,True,True,True,3,2,23802.0,25289.0,True
2026-07-21,2026-07-22,g6,0,0,0,0,True,True,True,False,False,1,1,11034.0,14655.0,True
2026-07-21,2026-07-22,g7,0,0,0,0,True,True,False,False,False,1,0,8621.0,8793.0,True
2026-07-21,2026-07-22,g8,0,0,0,0,True,True,True,False,False,2,1,12414.0,15172.0,True
2026-07-21,2026-07-22,g9,1,0,0,0,True,True,False,False,False,1,0,8190.0,9138.0,True
2026-07-22,2026-07-23,g1,1,0,0,0,True,True,True,True,True,3,2,23554.0,24793.0,True
2026-07-22,2026-07-23,g2,0,0,0,0,True,True,True,False,False,2,1,10690.0,13103.0,True
2026-07-22,2026-07-23,g3,1,0,0,0,True,True,True,True,False,1,1,16552.0,17241.0,True
2026-07-22,2026-07-23,g4,0,0,0,0,True,True,True,False,False,1,1,13140.0,22562.0,True
2026-07-22,2026-07-23,g5,0,0,0,0,False,False,False,False,False,0,0,-444.0,6121.0,True
2026-07-22,2026-07-23,g6,0,0,0,0,False,False,False,False,False,0,0,-2311.0,6293.0,True
2026-07-22,2026-07-23,g7,1,0,1,0,True,True,True,True,True,1,1,23802.0,26281.0,True
2026-07-22,2026-07-23,g8,0,0,0,0,True,True,True,True,False,2,1,19835.0,19835.0,True
2026-07-22,2026-07-23,g9,0,0,0,0,True,False,False,False,False,0,0,3621.0,12931.0,True
2026-07-23,2026-07-24,g1,0,0,0,0,False,False,False,False,False,0,0,2931.0,9052.0,True
2026-07-23,2026-07-24,g2,0,0,0,0,False,False,False,False,False,0,0,-1867.0,4914.0,True
2026-07-23,2026-07-24,g3,0,1,1,0,True,True,True,True,True,3,2,28264.0,28264.0,True
2026-07-23,2026-07-24,g4,1,1,1,1,True,True,True,True,True,3,2,27273.0,27273.0,True
2026-07-23,2026-07-24,g5,1,1,1,1,True,True,True,False,False,1,1,11897.0,15172.0,True
2026-07-23,2026-07-24,g6,0,0,0,0,True,False,False,False,False,0,0,3707.0,9828.0,True
2026-07-23,2026-07-24,g7,1,0,0,0,True,True,True,True,False,2,1,16860.0,22066.0,True
2026-07-23,2026-07-24,g8,0,0,0,0,True,True,False,False,False,1,0,7069.0,15172.0,True
2026-07-23,2026-07-24,g9,0,0,0,0,True,True,False,False,False,1,0,8362.0,9828.0,True
2026-07-24,2026-07-25,g1,0,0,0,0,True,True,True,True,False,3,2,16379.0,18103.0,True
2026-07-24,2026-07-25,g2,0,0,1,0,False,False,False,False,False,0,0,2500.0,8017.0,True
2026-07-24,2026-07-25,g3,0,0,0,0,True,True,True,False,False,2,1,10517.0,12069.0,True
2026-07-24,2026-07-25,g4,0,0,1,0,False,False,False,False,False,0,0,-4267.0,10862.0,True
2026-07-24,2026-07-25,g5,1,0,1,0,True,True,True,True,True,1,1,23554.0,25537.0,True
2026-07-24,2026-07-25,g6,1,0,0,0,True,True,False,False,False,1,0,8678.0,19835.0,True
2026-07-24,2026-07-25,g7,0,0,0,0,True,True,True,True,False,2,1,19655.0,19655.0,True
2026-07-24,2026-07-25,g8,0,0,0,0,True,True,True,False,False,1,1,13793.0,15000.0,True
2026-07-24,2026-07-25,g9,1,1,1,1,True,True,True,True,True,2,1,30513.0,30769.0,True
2026-07-25,2026-07-26,g1,1,0,0,0,True,True,True,False,False,1,1,10248.0,10690.0,True
2026-07-25,2026-07-26,g2,0,0,0,0,True,False,False,False,False,0,0,3707.0,4828.0,True
2026-07-25,2026-07-26,g3,0,0,0,0,True,True,True,False,False,2,1,13884.0,22314.0,True
2026-07-25,2026-07-26,g4,1,0,1,0,True,True,True,False,False,1,1,12414.0,17759.0,True
2026-07-25,2026-07-26,g5,0,0,1,0,True,True,True,False,False,2,1,10517.0,11897.0,True
2026-07-25,2026-07-26,g6,0,0,0,0,True,True,True,False,False,1,1,11379.0,12069.0,True
2026-07-25,2026-07-26,g7,0,0,0,0,False,False,False,False,False,0,0,-1867.0,8190.0,True
2026-07-25,2026-07-26,g8,0,0,0,0,False,False,False,False,False,0,0,-89.0,2155.0,True
2026-07-25,2026-07-26,g9,1,0,0,0,True,True,True,False,False,1,1,12759.0,13276.0,True
2026-07-26,2026-07-27,g1,0,0,0,0,True,False,False,False,False,0,0,3276.0,7931.0,True
2026-07-26,2026-07-27,g2,0,0,0,0,False,False,False,False,False,0,0,1638.0,7155.0,True
2026-07-26,2026-07-27,g3,0,0,0,0,False,False,False,False,False,0,0,-978.0,3103.0,True
2026-07-26,2026-07-27,g4,1,0,0,0,True,True,False,False,False,1,0,6379.0,13103.0,True
2026-07-26,2026-07-27,g5,1,0,1,0,False,False,False,False,False,0,0,2586.0,17931.0,True
2026-07-26,2026-07-27,g6,1,1,1,1,True,True,True,True,True,2,1,40885.0,40885.0,True
2026-07-26,2026-07-27,g7,0,0,1,0,True,True,True,True,False,1,1,19587.0,21322.0,True
2026-07-26,2026-07-27,g8,0,0,0,0,True,True,True,True,True,2,2,20579.0,21322.0,True
2026-07-26,2026-07-27,g9,0,0,0,0,True,True,True,True,True,1,1,23058.0,23058.0,True
2026-07-27,2026-07-28,g1,0,0,0,0,True,True,False,False,False,1,0,5948.0,7672.0,True
2026-07-27,2026-07-28,g2,0,0,0,0,True,True,False,False,False,1,0,6207.0,10345.0,True
2026-07-27,2026-07-28,g3,0,0,0,0,True,True,True,False,False,1,1,14828.0,15172.0,True
2026-07-27,2026-07-28,g4,0,0,0,0,True,True,True,False,False,1,1,11724.0,13448.0,True
2026-07-27,2026-07-28,g5,1,1,1,1,True,True,True,True,True,2,2,31538.0,31538.0,True
2026-07-27,2026-07-28,g6,1,0,0,0,True,True,True,True,True,2,1,25577.0,25962.0,True
2026-07-27,2026-07-28,g7,0,0,0,0,True,True,True,False,False,2,1,10690.0,16034.0,True
2026-07-27,2026-07-28,g8,1,1,1,1,True,True,True,True,False,2,1,17603.0,21570.0,True
2026-07-27,2026-07-28,g9,0,0,0,0,True,True,True,True,False,2,1,17414.0,17586.0,True
2026-07-28,2026-07-29,g1,0,0,1,0,False,False,False,False,False,0,0,517.0,4483.0,True
2026-07-28,2026-07-29,g2,1,0,0,0,False,False,False,False,False,0,0,1121.0,9569.0,True
2026-07-28,2026-07-29,g3,0,0,0,0,True,True,True,True,False,2,2,17414.0,18276.0,True
2026-07-28,2026-07-29,g4,0,1,0,0,True,True,True,True,True,1,1,26410.0,29744.0,True
2026-07-28,2026-07-29,g5,0,0,0,0,True,True,False,False,False,2,0,9224.0,9310.0,True
2026-07-28,2026-07-29,g6,1,0,0,0,True,True,True,True,False,1,1,17241.0,17759.0,True
2026-07-28,2026-07-29,g7,1,1,0,0,True,True,True,True,True,2,1,29008.0,29008.0,True
2026-07-28,2026-07-29,g8,0,0,0,0,True,True,True,False,False,1,1,10690.0,14655.0,True
2026-07-28,2026-07-29,g9,0,0,1,0,True,True,True,False,False,2,2,11897.0,14138.0,True
2026-07-29,2026-07-30,g1,1,0,1,0,True,True,True,True,True,1,1,20579.0,20826.0,True
2026-07-29,2026-07-30,g2,1,1,1,1,True,True,True,True,False,2,2,16207.0,18966.0,True
2026-07-29,2026-07-30,g3,0,0,0,0,True,True,True,True,False,3,2,15862.0,21074.0,True
2026-07-29,2026-07-30,g4,1,1,1,1,True,True,True,True,True,1,1,25041.0,25041.0,True
2026-07-29,2026-07-30,g5,0,1,0,0,True,True,True,True,True,2,2,34103.0,34615.0,True
2026-07-29,2026-07-30,g6,0,0,0,0,True,True,False,False,False,1,0,9138.0,10172.0,True
2026-07-29,2026-07-30,g7,0,0,0,0,False,False,False,False,False,0,0,86.0,5000.0,True
2026-07-29,2026-07-30,g8,0,0,1,0,True,True,False,False,False,1,0,6897.0,11724.0,True
2026-07-29,2026-07-30,g9,0,0,0,0,True,True,True,True,False,1,1,15868.0,21074.0,True
2026-07-30,2026-07-31,g1,0,0,0,0,True,True,True,False,False,1,1,11897.0,15000.0,True
2026-07-30,2026-07-31,g2,1,0,1,0,True,True,True,True,True,1,1,22314.0,26529.0,True
2026-07-30,2026-07-31,g3,0,0,0,0,True,True,False,False,False,1,0,5086.0,8621.0,True
2026-07-30,2026-07-31,g4,0,0,0,0,True,True,True,True,True,3,2,20192.0,20962.0,True
2026-07-30,2026-07-31,g5,1,1,0,0,True,True,True,True,False,1,1,17107.0,25041.0,True
2026-07-30,2026-07-31,g6,0,0,0,0,False,False,False,False,False,0,0,-3733.0,0.0,True
2026-07-30,2026-07-31,g7,0,0,0,0,True,True,True,True,False,1,1,18843.0,24298.0,True
2026-07-30,2026-07-31,g8,0,0,1,0,True,True,False,False,False,2,0,9483.0,13793.0,True
2026-07-30,2026-07-31,g9,1,1,1,1,True,True,True,True,False,3,2,18099.0,19835.0,True
2026-07-31,2026-08-01,g1,1,0,1,0,True,True,True,False,False,1,1,12586.0,15345.0,True
2026-07-31,2026-08-01,g2,1,0,1,0,True,True,True,False,False,3,1,12241.0,19138.0,True
2026-07-31,2026-08-01,g3,0,0,1,0,True,True,True,False,False,1,1,14628.0,20083.0,True
2026-07-31,2026-08-01,g4,0,0,0,0,True,True,False,False,False,1,0,8793.0,11034.0,True
2026-07-31,2026-08-01,g5,0,0,0,0,True,True,True,True,True,3,1,32564.0,34872.0,True
2026-07-31,2026-08-01,g6,1,0,1,0,True,True,False,False,False,1,0,7069.0,9052.0,True
2026-07-31,2026-08-01,g7,0,0,0,0,True,True,True,True,False,2,1,16364.0,21570.0,True
2026-07-31,2026-08-01,g8,0,0,1,0,True,True,True,True,True,2,2,26529.0,27521.0,True
2026-07-31,2026-08-01,g9,0,0,0,0,True,True,True,True,True,1,1,21322.0,21818.0,True
2026-08-01,2026-08-02,g1,0,0,0,0,True,False,False,False,False,0,0,3793.0,7845.0,True
2026-08-01,2026-08-02,g2,0,0,0,0,True,True,True,True,True,1,1,20000.0,20000.0,True
2026-08-01,2026-08-02,g3,1,0,0,0,True,True,True,False,False,1,1,12149.0,29504.0,True
2026-08-01,2026-08-02,g4,1,0,0,0,True,True,False,False,False,1,0,8448.0,13966.0,True
2026-08-01,2026-08-02,g5,1,1,0,0,True,True,True,True,True,1,1,25041.0,25289.0,True
2026-08-01,2026-08-02,g6,0,0,0,0,True,True,True,False,False,1,1,13103.0,15000.0,True
2026-08-01,2026-08-02,g7,0,0,0,0,True,True,True,True,False,2,1,17355.0,28760.0,True
2026-08-01,2026-08-02,g8,0,0,1,0,True,True,True,True,True,3,2,24793.0,25537.0,True
2026-08-01,2026-08-02,g9,0,0,0,0,True,True,False,False,False,1,0,8793.0,14138.0,True
2026-08-02,2026-08-03,g1,1,0,1,0,True,True,True,False,False,2,2,14483.0,18966.0,True
2026-08-02,2026-08-03,g2,0,0,0,0,True,True,True,False,False,2,1,13966.0,18103.0,True
2026-08-02,2026-08-03,g3,0,0,1,0,True,True,True,False,False,1,1,11897.0,18103.0,True
2026-08-02,2026-08-03,g4,0,0,0,0,True,True,True,True,False,2,1,18347.0,20083.0,True
2026-08-02,2026-08-03,g5,0,1,0,0,True,True,True,True,True,3,1,26529.0,26529.0,True
2026-08-02,2026-08-03,g6,1,0,1,0,True,True,True,True,False,2,2,16552.0,16552.0,True
2026-08-02,2026-08-03,g7,0,0,1,0,True,True,False,False,False,2,0,8793.0,15690.0,True
2026-08-02,2026-08-03,g8,1,0,1,0,True,True,True,True,True,2,2,24298.0,24298.0,True
2026-08-02,2026-08-03,g9,0,0,0,0,True,True,True,True,False,2,2,17069.0,19138.0,True
2026-08-03,2026-08-04,g1,0,0,0,0,False,False,False,False,False,0,0,948.0,4397.0,True
2026-08-03,2026-08-04,g2,1,1,0,0,True,True,False,False,False,3,0,8621.0,9397.0,True
2026-08-03,2026-08-04,g3,1,1,1,1,True,True,True,True,True,2,2,22314.0,23306.0,True
2026-08-03,2026-08-04,g4,0,0,0,0,True,True,True,True,False,2,1,19587.0,21818.0,True
2026-08-03,2026-08-04,g5,0,1,0,0,True,True,True,True,False,3,2,18843.0,23058.0,True
2026-08-03,2026-08-04,g6,1,1,1,1,True,True,True,False,False,1,1,11379.0,14655.0,True
2026-08-03,2026-08-04,g7,0,0,0,0,True,True,True,True,True,1,1,20083.0,20331.0,True
2026-08-03,2026-08-04,g8,0,1,0,0,True,True,True,True,True,1,1,20579.0,20579.0,True
2026-08-03,2026-08-04,g9,0,0,0,0,True,True,True,False,False,1,1,12069.0,15172.0,True
2026-08-04,2026-08-05,g1,0,0,0,0,True,True,True,True,True,1,1,22810.0,23058.0,True
2026-08-04,2026-08-05,g2,0,0,0,0,True,True,True,True,True,1,1,27521.0,27521.0,True
2026-08-04,2026-08-05,g3,0,0,1,0,True,True,True,False,False,2,1,12759.0,15000.0,True
2026-08-04,2026-08-05,g4,0,0,0,0,True,True,True,False,False,1,1,14310.0,15345.0,True
2026-08-04,2026-08-05,g5,0,0,0,0,True,True,True,False,False,1,1,14828.0,16724.0,True
2026-08-04,2026-08-05,g6,1,0,1,0,True,True,True,True,True,3,1,23058.0,24793.0,True
2026-08-04,2026-08-05,g7,1,0,0,0,False,False,False,False,False,0,0,-2311.0,0.0,True
2026-08-04,2026-08-05,g8,0,0,0,0,True,True,True,True,True,2,1,23306.0,23306.0,True
2026-08-04,2026-08-05,g9,1,0,1,0,False,False,False,False,False,0,0,-1600.0,1466.0,True
2026-08-05,2026-08-06,g1,1,0,0,0,False,False,False,False,False,0,0,862.0,10172.0,True
2026-08-05,2026-08-06,g2,0,0,0,0,True,True,False,False,False,1,0,6466.0,8017.0,True
2026-08-05,2026-08-06,g3,1,1,1,1,True,True,True,True,True,2,2,43490.0,44531.0,True
2026-08-05,2026-08-06,g4,0,0,1,0,True,True,True,True,True,1,1,21818.0,21818.0,True
2026-08-05,2026-08-06,g5,0,0,0,0,True,True,True,False,False,3,1,10690.0,11207.0,True
2026-08-05,2026-08-06,g6,0,0,0,0,True,True,False,False,False,1,0,8448.0,10862.0,True
2026-08-05,2026-08-06,g7,0,0,0,0,True,True,False,False,False,2,0,9828.0,11897.0,True
2026-08-05,2026-08-06,g8,0,0,0,0,True,True,False,False,False,1,0,9655.0,16724.0,True
2026-08-05,2026-08-06,g9,1,0,1,0,True,True,True,False,False,2,2,13448.0,13448.0,True
2026-08-06,2026-08-07,g1,1,0,0,0,True,True,True,True,True,1,1,40104.0,42188.0,True
2026-08-06,2026-08-07,g2,0,0,0,0,True,True,False,False,False,1,0,5862.0,14310.0,True
2026-08-06,2026-08-07,g3,0,0,0,0,True,True,True,False,False,2,1,12069.0,15000.0,True
2026-08-06,2026-08-07,g4,0,0,0,0,True,True,False,False,False,1,0,7414.0,7759.0,True
2026-08-06,2026-08-07,g5,0,0,0,0,True,True,False,False,False,1,0,7845.0,8362.0,True
2026-08-06,2026-08-07,g6,0,0,1,0,True,True,True,True,False,3,2,17759.0,18448.0,True
2026-08-06,2026-08-07,g7,1,0,0,0,True,True,False,False,False,2,0,7931.0,12759.0,True
2026-08-06,2026-08-07,g8,1,1,1,1,True,True,True,True,False,4,3,16552.0,16897.0,True
2026-08-06,2026-08-07,g9,0,0,0,0,True,True,True,False,False,1,1,12759.0,13276.0,True
2026-08-07,2026-08-08,g1,1,1,0,0,True,True,True,False,False,1,1,10000.0,18496.0,True
2026-08-07,2026-08-08,g2,1,0,0,0,True,True,True,False,False,3,2,13097.0,14779.0,True
2026-08-07,2026-08-08,g3,0,0,0,0,True,True,False,False,False,1,0,9646.0,14602.0,True
2026-08-07,2026-08-08,g4,0,0,0,0,False,False,False,False,False,0,0,-2793.0,2522.0,True
2026-08-07,2026-08-08,g5,0,0,0,0,True,True,True,False,False,1,1,13097.0,15575.0,True
2026-08-07,2026-08-08,g6,1,0,0,0,True,True,True,True,True,1,1,23311.0,25377.0,True
2026-08-07,2026-08-08,g7,0,0,0,0,True,True,True,False,False,2,1,14043.0,20426.0,True
2026-08-07,2026-08-08,g8,0,0,0,0,True,True,True,True,True,2,1,36590.0,37639.0,True
2026-08-07,2026-08-08,g9,0,0,0,0,False,False,False,False,False,0,0,-6712.0,841.0,True
2026-08-08,2026-08-09,g1,1,0,0,0,True,True,True,True,True,1,1,23058.0,24298.0,True
2026-08-08,2026-08-09,g2,1,0,0,0,True,False,False,False,False,0,0,3276.0,11724.0,True
2026-08-08,2026-08-09,g3,0,0,0,0,True,True,False,False,False,1,0,5345.0,10345.0,True
2026-08-08,2026-08-09,g4,0,0,0,0,True,True,False,False,False,1,0,6552.0,7586.0,True
2026-08-08,2026-08-09,g5,0,0,0,0,True,True,True,True,True,2,1,29487.0,30256.0,True
2026-08-08,2026-08-09,g6,1,0,0,0,True,True,True,False,False,1,1,14828.0,15690.0,True
2026-08-08,2026-08-09,g7,0,0,0,0,True,True,True,False,False,1,1,13793.0,16724.0,True
2026-08-08,2026-08-09,g8,0,0,0,0,True,True,True,False,False,1,1,14655.0,19310.0,True
2026-08-08,2026-08-09,g9,0,0,0,0,True,False,False,False,False,0,0,3793.0,6207.0,True
2026-08-09,2026-08-10,g1,0,0,1,0,True,True,True,False,False,1,1,10862.0,12759.0,True
2026-08-09,2026-08-10,g2,1,0,1,0,True,True,True,True,False,2,2,19655.0,19655.0,True
2026-08-09,2026-08-10,g3,1,0,0,0,True,True,True,True,True,2,2,30769.0,34615.0,True
2026-08-09,2026-08-10,g4,0,0,0,0,False,False,False,False,False,0,0,2931.0,11724.0,True
2026-08-09,2026-08-10,g5,0,0,0,0,True,True,True,True,True,3,2,23846.0,24231.0,True
2026-08-09,2026-08-10,g6,1,1,1,1,True,True,True,False,False,2,2,14828.0,20826.0,True
2026-08-09,2026-08-10,g7,0,0,0,0,True,True,True,True,False,1,1,16379.0,16379.0,True
2026-08-09,2026-08-10,g8,0,0,0,0,True,True,True,True,False,1,1,15345.0,15345.0,True
2026-08-09,2026-08-10,g9,0,0,1,0,True,True,True,True,True,2,1,22810.0,23306.0,True
2026-08-10,2026-08-11,g1,1,0,0,0,True,True,True,True,True,3,2,58125.0,58125.0,True
2026-08-10,2026-08-11,g2,0,0,0,0,True,True,True,False,False,2,2,12241.0,14828.0,True
2026-08-10,2026-08-11,g3,1,0,1,0,True,True,True,False,False,3,2,12893.0,13966.0,True
2026-08-10,2026-08-11,g4,0,0,0,0,True,True,True,True,False,1,1,17414.0,19310.0,True
2026-08-10,2026-08-11,g5,0,0,0,0,True,True,False,False,False,1,0,5690.0,12241.0,True
2026-08-10,2026-08-11,g6,0,0,0,0,True,True,True,False,False,1,1,13884.0,13884.0,True
2026-08-10,2026-08-11,g7,0,0,0,0,True,True,False,False,False,1,0,5000.0,15000.0,True
2026-08-10,2026-08-11,g8,0,0,0,0,True,True,True,True,True,1,1,20331.0,22314.0,True
2026-08-10,2026-08-11,g9,1,0,1,0,True,True,False,False,False,1,0,9483.0,11207.0,True
2026-08-11,2026-08-12,g1,0,0,0,0,False,False,False,False,False,0,0,1207.0,7759.0,True
2026-08-11,2026-08-12,g2,0,0,0,0,True,True,True,False,False,1,1,14628.0,20083.0,True
2026-08-11,2026-08-12,g3,1,0,0,0,True,True,True,False,False,1,1,13276.0,13276.0,True
2026-08-11,2026-08-12,g4,0,0,0,0,True,True,True,False,False,1,1,13621.0,18276.0,True
2026-08-11,2026-08-12,g5,0,0,0,0,True,True,True,True,False,2,1,16724.0,19138.0,True
2026-08-11,2026-08-12,g6,0,0,0,0,False,False,False,False,False,0,0,1724.0,3879.0,True
2026-08-11,2026-08-12,g7,1,1,1,1,True,True,True,True,False,2,2,17851.0,22314.0,True
2026-08-11,2026-08-12,g8,0,0,1,0,True,True,True,True,False,1,1,16364.0,22314.0,True
2026-08-11,2026-08-12,g9,1,0,0,0,True,True,False,False,False,1,0,9483.0,13103.0,True
2026-08-12,2026-08-13,g1,0,0,0,0,True,True,False,False,False,2,0,8430.0,12414.0,True
2026-08-12,2026-08-13,g2,0,0,0,0,True,True,True,True,False,2,1,17241.0,18621.0,True
2026-08-12,2026-08-13,g3,0,0,0,0,True,True,True,True,False,2,1,15172.0,19483.0,True
2026-08-12,2026-08-13,g4,1,1,0,0,True,False,False,False,False,0,0,4483.0,8103.0,True
2026-08-12,2026-08-13,g5,0,0,0,0,True,True,True,True,False,1,1,16034.0,18448.0,True
2026-08-12,2026-08-13,g6,0,0,0,0,False,False,False,False,False,0,0,690.0,3793.0,True
2026-08-12,2026-08-13,g7,1,0,0,0,True,True,True,True,True,2,1,25897.0,29744.0,True
2026-08-12,2026-08-13,g8,1,1,1,1,True,True,False,False,False,1,0,9828.0,14655.0,True
2026-08-12,2026-08-13,g9,0,0,0,0,True,True,False,False,False,1,0,8103.0,10517.0,True
2026-08-13,2026-08-14,g1,0,0,0,0,True,True,True,False,False,1,1,14655.0,18966.0,True
2026-08-13,2026-08-14,g2,0,0,0,0,True,True,True,False,False,1,1,12586.0,13621.0,True
2026-08-13,2026-08-14,g3,0,1,1,0,True,True,True,False,False,2,2,14655.0,18621.0,True
2026-08-13,2026-08-14,g4,0,0,1,0,True,True,True,True,True,1,1,21074.0,21074.0,True
2026-08-13,2026-08-14,g5,1,1,1,1,True,True,True,False,False,2,1,11207.0,12931.0,True
2026-08-13,2026-08-14,g6,0,0,0,0,True,True,False,False,False,1,0,8534.0,9310.0,True
2026-08-13,2026-08-14,g7,0,0,0,0,True,True,True,False,False,3,2,13103.0,15345.0,True
2026-08-13,2026-08-14,g8,1,0,0,0,True,True,True,True,True,2,1,28512.0,29256.0,True
2026-08-13,2026-08-14,g9,1,0,1,0,True,False,False,False,False,0,0,3017.0,4828.0,True
2026-08-14,2026-08-15,g1,0,0,1,0,False,False,False,False,False,0,0,-5867.0,3793.0,True
2026-08-14,2026-08-15,g2,1,0,0,0,True,True,True,True,False,1,1,17586.0,17931.0,True
2026-08-14,2026-08-15,g3,0,0,0,0,True,True,True,True,True,3,2,30769.0,34359.0,True
2026-08-14,2026-08-15,g4,1,0,1,0,True,True,True,True,False,1,1,16860.0,18678.0,True
2026-08-14,2026-08-15,g5,0,0,0,0,True,False,False,False,False,0,0,4397.0,5862.0,True
2026-08-14,2026-08-15,g6,0,0,1,0,True,True,True,True,False,1,1,19835.0,21074.0,True
2026-08-14,2026-08-15,g7,0,0,0,0,True,False,False,False,False,0,0,4052.0,7845.0,True
2026-08-14,2026-08-15,g8,0,0,0,0,False,False,False,False,False,0,0,1034.0,14483.0,True
2026-08-14,2026-08-15,g9,1,0,0,0,True,True,True,True,True,1,1,24359.0,30000.0,True
2026-08-15,2026-08-16,g1,1,0,0,0,False,False,False,False,False,0,0,-1156.0,4741.0,True
2026-08-15,2026-08-16,g2,1,1,1,1,True,True,True,False,False,2,1,12931.0,16207.0,True
2026-08-15,2026-08-16,g3,0,0,0,0,True,True,True,True,False,1,1,16860.0,21818.0,True
2026-08-15,2026-08-16,g4,1,0,0,0,True,True,True,True,True,4,4,35938.0,40104.0,True
2026-08-15,2026-08-16,g5,0,0,0,0,True,True,True,True,True,1,1,22562.0,23554.0,True
2026-08-15,2026-08-16,g6,0,0,0,0,True,True,True,True,False,1,1,18621.0,19655.0,True
2026-08-15,2026-08-16,g7,0,0,0,0,True,True,True,True,False,1,1,15172.0,19828.0,True
2026-08-15,2026-08-16,g8,0,0,1,0,False,False,False,False,False,0,0,-3556.0,4138.0,True
2026-08-15,2026-08-16,g9,0,0,0,0,True,True,True,False,False,2,1,12149.0,23058.0,True
2026-08-16,2026-08-17,g1,1,1,1,1,True,True,True,True,False,4,2,18966.0,19655.0,True
2026-08-16,2026-08-17,g2,0,0,0,0,True,True,False,False,False,1,0,8448.0,11207.0,True
2026-08-16,2026-08-17,g3,0,0,0,0,True,True,True,False,False,2,1,14483.0,15172.0,True
2026-08-16,2026-08-17,g4,0,0,0,0,True,True,True,True,False,1,1,15690.0,16379.0,True
2026-08-16,2026-08-17,g5,1,0,0,0,True,True,True,False,False,2,1,11034.0,11724.0,True
2026-08-16,2026-08-17,g6,0,0,0,0,True,True,True,True,True,2,1,20579.0,24298.0,True
2026-08-16,2026-08-17,g7,0,0,0,0,True,True,False,False,False,1,0,9310.0,10345.0,True
2026-08-16,2026-08-17,g8,1,0,0,0,True,True,True,True,True,1,1,21074.0,27273.0,True
2026-08-16,2026-08-17,g9,0,0,0,0,True,True,False,False,False,1,0,5345.0,7845.0,True
2026-08-17,2026-08-18,g1,0,0,0,0,False,False,False,False,False,0,0,-132.0,3712.0,True
2026-08-17,2026-08-18,g2,0,0,0,0,True,True,False,False,False,1,0,6070.0,7686.0,True
2026-08-17,2026-08-18,g3,0,0,0,0,True,True,True,True,True,1,1,31897.0,33055.0,True
2026-08-17,2026-08-18,g4,0,0,1,0,True,True,True,True,False,2,2,15808.0,17118.0,True
2026-08-17,2026-08-18,g5,0,1,1,0,False,False,False,False,False,0,0,2795.0,10131.0,True
2026-08-17,2026-08-18,g6,1,1,1,1,True,True,True,True,False,3,3,15284.0,18952.0,True
2026-08-17,2026-08-18,g7,1,1,1,1,True,True,True,True,False,1,1,17250.0,20125.0,True
2026-08-17,2026-08-18,g8,1,0,1,0,True,True,False,False,False,1,0,9258.0,15371.0,True
2026-08-17,2026-08-18,g9,0,0,1,0,True,True,True,True,True,3,2,27625.0,28000.0,True
2026-08-18,2026-08-19,g1,0,0,0,0,True,False,False,False,False,0,0,4978.0,15721.0,True
2026-08-18,2026-08-19,g2,0,0,0,0,True,True,True,True,True,3,2,21875.0,25500.0,True
2026-08-18,2026-08-19,g3,0,0,0,0,True,True,False,False,False,1,0,6000.0,19875.0,True
2026-08-18,2026-08-19,g4,1,1,1,1,True,True,True,True,False,2,2,18000.0,21375.0,True
2026-08-18,2026-08-19,g5,1,1,1,1,True,True,True,True,True,2,2,28553.0,32154.0,True
2026-08-18,2026-08-19,g6,0,0,0,0,True,True,True,True,True,4,3,27500.0,27500.0,True
2026-08-18,2026-08-19,g7,0,1,0,0,True,True,False,False,False,1,0,6987.0,10742.0,True
2026-08-18,2026-08-19,g8,0,0,0,0,True,True,False,False,False,1,0,8821.0,17380.0,True
2026-08-18,2026-08-19,g9,1,1,1,1,True,True,True,True,True,1,1,28375.0,28625.0,True
2026-08-19,2026-08-20,g1,1,0,0,0,True,True,False,False,False,1,0,8996.0,16856.0,True
2026-08-19,2026-08-20,g2,1,1,0,0,True,True,False,False,False,2,0,5677.0,14061.0,True
2026-08-19,2026-08-20,g3,0,0,1,0,True,True,False,False,False,2,0,5523.0,20209.0,True
2026-08-19,2026-08-20,g4,1,1,1,1,True,True,True,True,True,1,1,45561.0,46214.0,True
2026-08-19,2026-08-20,g5,0,0,0,0,True,False,False,False,False,0,0,3624.0,8341.0,True
2026-08-19,2026-08-20,g6,0,0,0,0,True,True,False,False,False,1,0,9432.0,12314.0,True
2026-08-19,2026-08-20,g7,0,0,0,0,True,True,True,False,False,2,1,12227.0,14410.0,True
2026-08-19,2026-08-20,g8,0,0,1,0,True,True,False,False,False,1,0,6987.0,9476.0,True
2026-08-19,2026-08-20,g9,0,0,0,0,True,True,True,True,True,2,1,22625.0,25250.0,True
2026-08-20,2026-08-21,g1,0,0,0,0,False,False,False,False,False,0,0,-2133.0,8621.0,True
2026-08-20,2026-08-21,g2,0,0,0,0,True,True,False,False,False,1,0,7586.0,18966.0,True
2026-08-20,2026-08-21,g3,1,0,1,0,True,True,True,True,False,1,1,17692.0,31538.0,True
2026-08-20,2026-08-21,g4,0,0,0,0,True,True,False,False,False,1,0,7586.0,12931.0,True
2026-08-20,2026-08-21,g5,1,0,1,0,True,True,True,True,False,3,1,19835.0,21322.0,True
2026-08-20,2026-08-21,g6,0,0,0,0,True,True,True,True,False,1,1,16724.0,19483.0,True
2026-08-20,2026-08-21,g7,1,0,0,0,False,False,False,False,False,0,0,-2489.0,5345.0,True
2026-08-20,2026-08-21,g8,0,0,0,0,True,True,False,False,False,2,0,6552.0,12931.0,True
2026-08-20,2026-08-21,g9,0,0,0,0,True,True,True,False,False,1,1,11897.0,18103.0,True
2026-08-21,2026-08-22,g1,0,0,0,0,True,True,True,True,False,2,1,17107.0,22562.0,True
2026-08-21,2026-08-22,g2,0,0,0,0,True,True,False,False,False,1,0,8926.0,10744.0,True
2026-08-21,2026-08-22,g3,1,0,0,0,True,True,False,False,False,1,0,8103.0,12759.0,True
2026-08-21,2026-08-22,g4,1,0,0,0,True,True,True,False,False,2,1,13448.0,13448.0,True
2026-08-21,2026-08-22,g5,1,0,0,0,True,True,True,True,True,3,1,27949.0,31026.0,True
2026-08-21,2026-08-22,g6,0,0,0,0,True,True,True,True,False,2,1,16552.0,17069.0,True
2026-08-21,2026-08-22,g7,0,0,0,0,True,True,True,True,True,1,1,20826.0,22810.0,True
2026-08-21,2026-08-22,g8,0,0,0,0,True,True,False,False,False,1,0,5690.0,7931.0,True
2026-08-21,2026-08-22,g9,0,0,0,0,True,True,True,True,True,1,1,35641.0,35641.0,True
2026-08-22,2026-08-23,g1,0,0,0,0,True,True,False,False,False,2,0,8276.0,18103.0,True
2026-08-22,2026-08-23,g2,0,0,1,0,True,False,False,False,False,0,0,4310.0,17586.0,True
2026-08-22,2026-08-23,g3,0,1,0,0,True,True,True,True,True,2,1,22810.0,22810.0,True
2026-08-22,2026-08-23,g4,0,0,0,0,True,True,False,False,False,1,0,5690.0,7500.0,True
2026-08-22,2026-08-23,g5,0,1,1,0,True,True,True,True,True,2,2,33846.0,34615.0,True
2026-08-22,2026-08-23,g6,0,0,0,0,True,True,True,False,False,2,1,11897.0,14310.0,True
2026-08-22,2026-08-23,g7,1,0,1,0,True,True,True,False,False,2,2,14380.0,19835.0,True
2026-08-22,2026-08-23,g8,1,0,1,0,True,True,True,True,False,2,1,17107.0,20083.0,True
2026-08-22,2026-08-23,g9,1,0,0,0,True,True,True,True,False,3,2,19587.0,25785.0,True
2026-08-23,2026-08-24,g1,0,0,1,0,False,False,False,False,False,0,0,-3022.0,1897.0,True
2026-08-23,2026-08-24,g2,1,0,1,0,True,True,True,False,False,3,1,12069.0,19138.0,True
2026-08-23,2026-08-24,g3,0,0,1,0,True,False,False,False,False,0,0,4483.0,12241.0,True
2026-08-23,2026-08-24,g4,0,0,0,0,True,True,True,False,False,2,1,14828.0,15517.0,True
2026-08-23,2026-08-24,g5,1,1,1,1,True,True,True,True,True,2,2,20826.0,21818.0,True
2026-08-23,2026-08-24,g6,0,0,0,0,True,True,False,False,False,1,0,5000.0,10172.0,True
2026-08-23,2026-08-24,g7,0,0,0,0,True,True,True,False,False,2,1,13448.0,15517.0,True
2026-08-23,2026-08-24,g8,1,1,0,0,True,True,True,True,False,2,1,16034.0,18793.0,True
2026-08-23,2026-08-24,g9,0,0,0,0,False,False,False,False,False,0,0,-533.0,8017.0,True
2026-08-24,2026-08-25,g1,1,0,0,0,False,False,False,False,False,0,0,1724.0,5345.0,True
2026-08-24,2026-08-25,g2,1,0,1,0,False,False,False,False,False,0,0,-1511.0,6983.0,True
2026-08-24,2026-08-25,g3,0,0,0,0,True,True,True,False,False,2,1,14138.0,16552.0,True
2026-08-24,2026-08-25,g4,1,1,0,0,True,True,True,False,False,1,1,12069.0,12931.0,True
2026-08-24,2026-08-25,g5,0,0,0,0,True,True,True,True,False,1,1,16207.0,16207.0,True
2026-08-24,2026-08-25,g6,0,1,1,0,True,True,True,True,True,1,1,23554.0,23554.0,True
2026-08-24,2026-08-25,g7,0,1,1,0,True,True,True,True,True,2,1,22810.0,26529.0,True
2026-08-24,2026-08-25,g8,0,0,0,0,True,True,False,False,False,1,0,8448.0,10000.0,True
2026-08-24,2026-08-25,g9,0,0,0,0,False,False,False,False,False,0,0,2414.0,8966.0,True
2026-08-25,2026-08-26,g1,0,1,0,0,False,False,False,False,False,0,0,-11200.0,517.0,True
2026-08-25,2026-08-26,g2,1,1,1,1,True,True,True,True,False,1,1,15517.0,16897.0,True
2026-08-25,2026-08-26,g3,0,0,0,0,True,True,True,True,True,1,1,23058.0,23058.0,True
2026-08-25,2026-08-26,g4,0,0,0,0,True,True,True,True,False,2,2,16207.0,18276.0,True
2026-08-25,2026-08-26,g5,0,0,0,0,True,True,True,True,False,2,1,18966.0,19483.0,True
2026-08-25,2026-08-26,g6,1,0,1,0,True,True,False,False,False,1,0,9483.0,14483.0,True
2026-08-25,2026-08-26,g7,1,0,0,0,True,True,True,False,False,3,2,13276.0,17414.0,True
2026-08-25,2026-08-26,g8,0,0,0,0,True,True,True,True,True,1,1,32308.0,32564.0,True
2026-08-25,2026-08-26,g9,0,0,1,0,True,True,False,False,False,1,0,5603.0,20579.0,True
